[
	{
		"id": 1,
		"preview": "/vendor/creative-suite/templates/images/baby-shower.png",
		"data": {
			"stage": {
				"width": 1080,
				"height": 1920
			},
			"nodes": [
				"{\"attrs\":{\"x\":-0.7301047366422608,\"y\":-0.9029921053594308,\"fill\":\"#8a53e4\",\"stroke\":\"\",\"strokeWidth\":0,\"draggable\":true,\"strokeScaleEnabled\":false,\"text\":\"Double click to edit\",\"fontSize\":30,\"fontStyle\":\"normal 400\",\"id\":\"image-1-1750778981570\",\"name\":\"Image 1\",\"perfectDrawEnabled\":false,\"width\":1081.4602094732845,\"height\":1921.8059842107189,\"fillPriority\":\"pattern\",\"fillImageWidth\":1024,\"fillImageHeight\":1536,\"fillSource\":\"/vendor/creative-suite/templates/images/7DTXngLt0aW0is6EmTmiBhtdWvAq7ZHzKhJTWSfQ.png\",\"fillCover\":true,\"fillPatternRepeat\":\"no-repeat\",\"fillPatternX\":-99.87189000026399,\"fillPatternY\":1.1368683772161603e-13,\"fillPatternScaleX\":1.25117577097052,\"fillPatternScaleY\":1.25117577097052},\"className\":\"Image\"}",
				"{\"attrs\":{\"x\":263.31301879882807,\"y\":568.0547633310199,\"fill\":\"#521d1d\",\"stroke\":\"\",\"strokeWidth\":0,\"draggable\":true,\"strokeScaleEnabled\":false,\"text\":\"Join our\",\"fontSize\":142,\"fontStyle\":\"normal 400\",\"id\":\"text-1-1750779039624\",\"name\":\"Text 1\",\"perfectDrawEnabled\":false,\"fontFamily\":\"Knewave\"},\"className\":\"Text\"}",
				"{\"attrs\":{\"x\":136.22302246093744,\"y\":712.5504378271968,\"fill\":\"#521d1d\",\"stroke\":\"\",\"strokeWidth\":0,\"draggable\":true,\"strokeScaleEnabled\":false,\"text\":\"baby shower\",\"fontSize\":142,\"fontStyle\":\"normal 400\",\"id\":\"text-2-1750779084601\",\"name\":\"Text 2\",\"perfectDrawEnabled\":false,\"fontFamily\":\"Knewave\"},\"className\":\"Text\"}",
				"{\"attrs\":{\"x\":334.31301879882807,\"y\":853.4409243571931,\"fill\":\"#521d1d\",\"stroke\":\"\",\"strokeWidth\":0,\"draggable\":true,\"strokeScaleEnabled\":false,\"text\":\"party!\",\"fontSize\":142,\"fontStyle\":\"normal 400\",\"id\":\"text-3-1750779085316\",\"name\":\"Text 3\",\"perfectDrawEnabled\":false,\"fontFamily\":\"Knewave\"},\"className\":\"Text\"}",
				"{\"attrs\":{\"x\":335.0244140625,\"y\":1104.4524458420187,\"fill\":\"#521d1d\",\"stroke\":\"\",\"strokeWidth\":0,\"draggable\":true,\"strokeScaleEnabled\":false,\"text\":\"Greenwich NYC\",\"fontSize\":60,\"fontStyle\":\"normal 400\",\"id\":\"text-4-1750779165038\",\"name\":\"Text 4\",\"perfectDrawEnabled\":false,\"fontFamily\":\"Inter Tight\"},\"className\":\"Text\"}",
				"{\"attrs\":{\"x\":421.640625,\"y\":1173.2420699096576,\"fill\":\"#521d1d\",\"stroke\":\"\",\"strokeWidth\":0,\"draggable\":true,\"strokeScaleEnabled\":false,\"text\":\"Saturday\",\"fontSize\":60,\"fontStyle\":\"normal 700\",\"id\":\"text-5-1750779194431\",\"name\":\"Text 5\",\"perfectDrawEnabled\":false,\"fontFamily\":\"Inter Tight\"},\"className\":\"Text\"}",
				"{\"attrs\":{\"x\":272.91574096679693,\"y\":1245.7608005675213,\"fill\":\"#521d1d\",\"stroke\":\"\",\"strokeWidth\":0,\"draggable\":true,\"strokeScaleEnabled\":false,\"text\":\"May 18th - 2:00 PM\",\"fontSize\":60,\"fontStyle\":\"normal 700\",\"id\":\"text-6-1750779202426\",\"name\":\"Text 6\",\"perfectDrawEnabled\":false,\"fontFamily\":\"Inter Tight\"},\"className\":\"Text\"}"
			]
		}
	},
	{
		"id": 2,
		"preview": "/vendor/creative-suite/templates/images/car-rental-ad.png",
		"data": {
			"stage": {
				"width": 1440,
				"height": 1440
			},
			"nodes": [
				"{\"attrs\":{\"x\":-0.6250000000002274,\"y\":-1.7500000000002274,\"fill\":\"#07d0b0\",\"stroke\":\"\",\"strokeWidth\":0,\"draggable\":true,\"strokeScaleEnabled\":false,\"text\":\"Double click to edit\",\"fontSize\":30,\"fontStyle\":\"normal 400\",\"id\":\"image-1-1750845188362\",\"name\":\"Image 1\",\"perfectDrawEnabled\":false,\"width\":1441.2500000000005,\"height\":1443.5000000000005,\"fillPriority\":\"pattern\",\"fillImageWidth\":2880,\"fillImageHeight\":2880,\"fillSource\":\"/vendor/creative-suite/templates/images/TMwPwmfR7UiF3AXUJwJgBF9m1qjcCVQQNl6XTYA3.jpg\",\"fillCover\":true,\"fillPatternRepeat\":\"no-repeat\",\"fillPatternX\":-1.125,\"fillPatternScaleX\":0.501215277777778,\"fillPatternScaleY\":0.501215277777778},\"className\":\"Image\"}",
				"{\"attrs\":{\"x\":590.4432175973199,\"y\":89.53210619067643,\"fill\":\"#ff4c00\",\"stroke\":\"\",\"strokeWidth\":0,\"draggable\":true,\"strokeScaleEnabled\":false,\"text\":\"Gearent\",\"fontSize\":71,\"fontStyle\":\"normal 800\",\"id\":\"text-1-1750845708496\",\"name\":\"Text 1\",\"perfectDrawEnabled\":false,\"fontFamily\":\"Inter\",\"letterSpacing\":-3},\"className\":\"Text\"}",
				"{\"attrs\":{\"x\":153.58082135708548,\"y\":192.30274925941507,\"fill\":\"#ff4c00\",\"stroke\":\"\",\"strokeWidth\":0,\"draggable\":true,\"strokeScaleEnabled\":false,\"text\":\"DRIVE\\nFIRST CLASS\",\"fontSize\":172,\"fontStyle\":\"italic 900\",\"id\":\"text-2-1750845795593\",\"name\":\"Text 2\",\"perfectDrawEnabled\":false,\"fontFamily\":\"Barlow\",\"align\":\"center\",\"width\":1134.8864351946397,\"height\":376.7890029623395},\"className\":\"Text\"}",
				"{\"attrs\":{\"x\":-1.9894542606853054,\"y\":820.6282806270993,\"fill\":\"#398456\",\"stroke\":\"\",\"strokeWidth\":0,\"draggable\":true,\"strokeScaleEnabled\":false,\"text\":\"Double click to edit\",\"fontSize\":30,\"fontStyle\":\"normal 400\",\"id\":\"image-2-1750846046159\",\"name\":\"Image 2\",\"perfectDrawEnabled\":false,\"width\":1443.9789085213697,\"height\":619.3717193729002,\"fillPriority\":\"pattern\",\"fillImageWidth\":2880,\"fillImageHeight\":1242,\"fillSource\":\"/vendor/creative-suite/templates/images/9vGdfwyS0XhBM4VwMfWwjxmu8YoHweTWjxw0QPxx.png\",\"fillCover\":true,\"fillPatternRepeat\":\"no-repeat\",\"fillPatternY\":-1.6720924634702214,\"fillPatternScaleX\":0.501381565458809,\"fillPatternScaleY\":0.5013815654588089},\"className\":\"Image\"}",
				"{\"attrs\":{\"x\":322.0330810546874,\"y\":1248.0209313033952,\"fill\":\"#ffffff\",\"stroke\":\"\",\"strokeWidth\":0,\"draggable\":true,\"strokeScaleEnabled\":false,\"text\":\"Exclusive Deal on Premium Cars – \\nLimited Time Only!\",\"fontSize\":51,\"fontStyle\":\"normal 500\",\"id\":\"text-3-1750845918837\",\"name\":\"Text 3\",\"perfectDrawEnabled\":false,\"align\":\"center\",\"fontFamily\":\"Inter Tight\",\"letterSpacing\":1},\"className\":\"Text\"}"
			]
		}
	},
	{
		"id": 3,
		"preview": "/vendor/creative-suite/templates/images/event.png",
		"data": {
			"stage": {
				"width": 1440,
				"height": "1440"
			},
			"nodes": [
				"{\"attrs\":{\"x\":-3.272440056715027,\"y\":-10.13205829415108,\"fill\":\"#ebd7be\",\"stroke\":\"\",\"strokeWidth\":0,\"draggable\":true,\"strokeScaleEnabled\":false,\"text\":\"Double click to edit\",\"fontSize\":30,\"fontStyle\":\"normal 400\",\"id\":\"rect-1-1750860727046\",\"name\":\"Rect 1\",\"perfectDrawEnabled\":false,\"width\":1446.54488011343,\"height\":1460.2641165883022,\"fillPatternScaleX\":2.6666666666666665,\"fillPatternScaleY\":2.6666666666666665},\"className\":\"Rect\"}",
				"{\"attrs\":{\"x\":404.48486328125,\"y\":119,\"fill\":\"#000000\",\"stroke\":\"\",\"strokeWidth\":0,\"draggable\":true,\"strokeScaleEnabled\":false,\"text\":\"JOIN WORKSHOP\",\"fontSize\":62,\"fontStyle\":\"normal 400\",\"id\":\"text-1-1750860782235\",\"name\":\"Text 1\",\"perfectDrawEnabled\":false,\"letterSpacing\":8},\"className\":\"Text\"}",
				"{\"attrs\":{\"x\":282,\"y\":227.6219877269092,\"fill\":\"#0fee64\",\"stroke\":\"\",\"strokeWidth\":0,\"draggable\":true,\"strokeScaleEnabled\":false,\"text\":\"Double click to edit\",\"fontSize\":30,\"fontStyle\":\"normal 400\",\"id\":\"image-1-1750861029790\",\"name\":\"Image 1\",\"perfectDrawEnabled\":false,\"width\":875.0000942044289,\"height\":883.2316437482451,\"fillPriority\":\"pattern\",\"fillImageWidth\":1746,\"fillImageHeight\":1762,\"fillSource\":\"/vendor/creative-suite/templates/images/JHpiu10PZWvfIm3UFk8dkv2C8fCNrYPRF4iWFYox.jpg\",\"fillCover\":true,\"fillPatternRepeat\":\"no-repeat\",\"fillPatternX\":-0.10564245069019762,\"fillPatternY\":-5.684341886080802e-14,\"fillPatternScaleX\":0.501266540152239,\"fillPatternScaleY\":0.501266540152239},\"className\":\"Image\"}",
				"{\"attrs\":{\"x\":282.99999999999835,\"y\":1146.8536314751532,\"fill\":\"#ebd7be\",\"stroke\":\"#000000\",\"strokeWidth\":1,\"draggable\":true,\"strokeScaleEnabled\":false,\"text\":\"Double click to edit\",\"fontSize\":30,\"fontStyle\":\"normal 400\",\"id\":\"rect-2-1750861161783\",\"name\":\"Rect 2\",\"perfectDrawEnabled\":false,\"width\":873.548887329409,\"height\":192.04545682549127},\"className\":\"Rect\"}",
				"{\"attrs\":{\"x\":389.97451690689036,\"y\":1180.476359887899,\"fill\":\"#000000\",\"stroke\":\"\",\"strokeWidth\":0,\"draggable\":true,\"strokeScaleEnabled\":false,\"text\":\"SEP 14, 08:30AM\\nUPPER EAST SIDE 20, NYC\",\"fontSize\":52,\"fontStyle\":\"normal 400\",\"id\":\"text-2-1750861323999\",\"name\":\"Text 2\",\"perfectDrawEnabled\":false,\"align\":\"center\",\"fontFamily\":\"DM Sans\",\"lineHeight\":1.2,\"letterSpacing\":2},\"className\":\"Text\"}"
			]
		}
	},
	{
		"id": 4,
		"preview": "/vendor/creative-suite/templates/images/facebook-cover-charity.png",
		"data": {
			"stage": {
				"width": "1280",
				"height": 720
			},
			"nodes": [
				"{\"attrs\":{\"x\":-3.907085619489976,\"y\":-10.388294681730486,\"fill\":\"#f3ddae\",\"stroke\":\"\",\"strokeWidth\":0,\"draggable\":true,\"strokeScaleEnabled\":false,\"text\":\"Double click to edit\",\"fontSize\":30,\"fontStyle\":\"normal 400\",\"id\":\"rect-1-1750869094660\",\"name\":\"Rect 1\",\"perfectDrawEnabled\":false,\"width\":1287.81417123898,\"height\":740.7765893634609,\"fillPatternScaleX\":1.7777777777777777,\"fillPatternScaleY\":1.7777777777777777},\"className\":\"Rect\"}",
				"{\"attrs\":{\"x\":81.47516296242802,\"y\":96,\"fill\":\"#5728ca\",\"stroke\":\"\",\"strokeWidth\":0,\"draggable\":true,\"strokeScaleEnabled\":false,\"text\":\"Double click to edit\",\"fontSize\":30,\"fontStyle\":\"normal 400\",\"id\":\"image-1-1750869152024\",\"name\":\"Image 1\",\"perfectDrawEnabled\":false,\"width\":411.0839481961299,\"height\":100.00666561183527,\"fillPriority\":\"pattern\",\"fillImageWidth\":820,\"fillImageHeight\":204,\"fillSource\":\"/vendor/creative-suite/templates/images/mOXfkVHJB3RBh5M7O2mnJ0kPx3aN8W52SJmj84fR.png\",\"fillCover\":true,\"fillPatternRepeat\":\"no-repeat\",\"fillPatternY\":-1.131499774576568,\"fillPatternScaleX\":0.5013218880440609,\"fillPatternScaleY\":0.5013218880440609},\"className\":\"Image\"}",
				"{\"attrs\":{\"x\":148.72330485234556,\"y\":118.00333280591764,\"fill\":\"#ffe2b3\",\"stroke\":\"\",\"strokeWidth\":0,\"draggable\":true,\"strokeScaleEnabled\":false,\"text\":\"join us now\",\"fontSize\":52,\"fontStyle\":\"normal 600\",\"id\":\"text-1-1750869179182\",\"name\":\"Text 1\",\"perfectDrawEnabled\":false,\"fontFamily\":\"Fraunces\",\"width\":293.4902550633365,\"height\":56.11608045791865},\"className\":\"Text\"}",
				"{\"attrs\":{\"x\":80.48872433197698,\"y\":249.19830965084492,\"fill\":\"#ee671e\",\"stroke\":\"\",\"strokeWidth\":0,\"draggable\":true,\"strokeScaleEnabled\":false,\"text\":\"make \\nchildren\\nhappy\",\"fontSize\":122,\"fontStyle\":\"italic 900\",\"id\":\"text-2-1750869251963\",\"name\":\"Text 2\",\"perfectDrawEnabled\":false,\"fontFamily\":\"Fraunces\",\"letterSpacing\":-6},\"className\":\"Text\"}",
				"{\"attrs\":{\"x\":617.5257465786566,\"y\":0.47052749239765396,\"fill\":\"#2ed206\",\"stroke\":\"\",\"strokeWidth\":0,\"draggable\":true,\"strokeScaleEnabled\":false,\"text\":\"Double click to edit\",\"fontSize\":30,\"fontStyle\":\"normal 400\",\"id\":\"image-2-1750869341010\",\"name\":\"Image 2\",\"perfectDrawEnabled\":false,\"width\":662.4742534213381,\"height\":719.529472507597,\"fillPriority\":\"pattern\",\"fillImageWidth\":1322,\"fillImageHeight\":1440,\"fillSource\":\"/vendor/creative-suite/templates/images/coHvgzjbxfvcAhrH0yRYhBJPD78mccPS7nn3OLWt.png\",\"fillCover\":true,\"fillPatternRepeat\":\"no-repeat\",\"fillPatternY\":-1.038185428019517,\"fillPatternScaleX\":0.5011151690025251,\"fillPatternScaleY\":0.5011151690025251,\"fillPatternX\":-5.684341886080802e-14},\"className\":\"Image\"}"
			]
		}
	},
	{
		"id": 5,
		"preview": "/vendor/creative-suite/templates/images/fashion.png",
		"data": {
			"stage": {
				"width": 1080,
				"height": 1920
			},
			"nodes": [
				"{\"attrs\":{\"x\":-1.74465008468826,\"y\":-3.2933798532826586,\"fill\":\"#8c6cd0\",\"stroke\":\"\",\"strokeWidth\":0,\"draggable\":true,\"strokeScaleEnabled\":false,\"text\":\"Double click to edit\",\"fontSize\":30,\"fontStyle\":\"normal 400\",\"id\":\"image-1-1750842521898\",\"name\":\"Image 1\",\"perfectDrawEnabled\":false,\"width\":1083.4893001693765,\"height\":1926.5867597065653,\"fillPriority\":\"pattern\",\"fillImageWidth\":2160,\"fillImageHeight\":3840,\"fillSource\":\"/vendor/creative-suite/templates/images/xxTuACyJUT0MAdut9ZMUKqXbPxW5hqCaLJQ70Dhn.jpg\",\"fillCover\":true,\"fillPatternRepeat\":\"no-repeat\",\"fillPatternX\":-0.10787608278326388,\"fillPatternScaleX\":0.501715302006918,\"fillPatternScaleY\":0.501715302006918},\"className\":\"Image\"}",
				"{\"attrs\":{\"x\":96.25000000000014,\"y\":326.25,\"fill\":\"#ba0589\",\"stroke\":\"#ffffff\",\"strokeWidth\":48,\"draggable\":true,\"strokeScaleEnabled\":false,\"text\":\"Double click to edit\",\"fontSize\":30,\"fontStyle\":\"normal 400\",\"id\":\"image-2-1750844357633\",\"name\":\"Image 2\",\"perfectDrawEnabled\":false,\"width\":887.4999999999997,\"height\":1267.5,\"fillPriority\":\"pattern\",\"fillImageWidth\":2731,\"fillImageHeight\":4096,\"fillSource\":\"/vendor/creative-suite/templates/images/YIVvGJK8Xuvo2uH3QnFTHpXkURgsRB4tZcWIaS4n.jpg\",\"fillCover\":true,\"fillPatternRepeat\":\"no-repeat\",\"fillPatternY\":-31.79375686561673,\"fillPatternScaleX\":0.3249725375320394,\"fillPatternScaleY\":0.3249725375320394},\"className\":\"Image\"}",
				"{\"attrs\":{\"x\":72.24999999999999,\"y\":234.07476230773779,\"fill\":\"#ffffff\",\"stroke\":\"\",\"strokeWidth\":0,\"draggable\":true,\"strokeScaleEnabled\":false,\"text\":\"Double click to edit\",\"fontSize\":30,\"fontStyle\":\"normal 400\",\"id\":\"rect-1-1750844663881\",\"name\":\"Rect 1\",\"perfectDrawEnabled\":false,\"width\":935.3155947657975,\"height\":67.17523769226253},\"className\":\"Rect\"}",
				"{\"attrs\":{\"x\":397.77197127205886,\"y\":257.689408111234,\"fill\":\"#000000\",\"stroke\":\"\",\"strokeWidth\":0,\"draggable\":true,\"strokeScaleEnabled\":false,\"text\":\"SALE ENDING SOON\",\"fontSize\":24,\"fontStyle\":\"normal 500\",\"id\":\"text-1-1750844744230\",\"name\":\"Text 1\",\"perfectDrawEnabled\":false,\"fontFamily\":\"Inter\",\"letterSpacing\":3,\"width\":284.27165222167974,\"height\":19.945946085270148},\"className\":\"Text\"}",
				"{\"attrs\":{\"x\":119.49726662412625,\"y\":1249.7500000000011,\"fill\":\"#ffffff\",\"stroke\":\"\",\"strokeWidth\":0,\"draggable\":true,\"strokeScaleEnabled\":false,\"text\":\"SALE\",\"fontSize\":333,\"fontStyle\":\"normal 400\",\"id\":\"text-2-1750844904345\",\"name\":\"Text 2\",\"perfectDrawEnabled\":false,\"fontFamily\":\"Aboreto\",\"width\":841.0054667517475,\"height\":297.99999999999795,\"align\":\"center\"},\"className\":\"Text\"}"
			]
		}
	},
	{
		"id": 6,
		"preview": "/vendor/creative-suite/templates/images/google-ad.png",
		"data": {
			"stage": {
				"width": 1080,
				"height": 1080
			},
			"nodes": [
				"{\"attrs\":{\"x\":-4.142754485540422,\"y\":-1.4921838644297623,\"fill\":\"#cdbdff\",\"stroke\":\"\",\"strokeWidth\":0,\"draggable\":true,\"strokeScaleEnabled\":false,\"text\":\"Double click to edit\",\"fontSize\":30,\"fontStyle\":\"normal 400\",\"id\":\"rect-1-1750871841409\",\"name\":\"Rect 1\",\"perfectDrawEnabled\":false,\"width\":1088.2855089710808,\"height\":1082.9843677288595,\"fillPatternScaleX\":1.5,\"fillPatternScaleY\":1.5},\"className\":\"Rect\"}",
				"{\"attrs\":{\"x\":-32.34188084318715,\"y\":18.532953009540506,\"fill\":\"#f69621\",\"stroke\":\"\",\"strokeWidth\":0,\"draggable\":true,\"strokeScaleEnabled\":false,\"text\":\"Double click to edit\",\"fontSize\":30,\"fontStyle\":\"normal 400\",\"id\":\"image-3-1750872580621\",\"name\":\"Image 3\",\"perfectDrawEnabled\":false,\"width\":1080.3307781888714,\"height\":715.7760548359588,\"fillPriority\":\"pattern\",\"fillImageWidth\":2160,\"fillImageHeight\":1422,\"fillSource\":\"/vendor/creative-suite/templates/images/5AEPKHCCl5ii82zmDrn2zDWHmgI8CsHo3jHbyykc.png\",\"fillCover\":true,\"fillPatternRepeat\":\"no-repeat\",\"fillPatternX\":-3.461994325279875,\"fillPatternScaleX\":0.5033586883515885,\"fillPatternScaleY\":0.5033586883515885},\"className\":\"Image\"}",
				"{\"attrs\":{\"x\":588.1585037825512,\"y\":318.28686632008026,\"fill\":\"#f28348\",\"stroke\":\"\",\"strokeWidth\":0,\"draggable\":true,\"strokeScaleEnabled\":false,\"text\":\"Double click to edit\",\"fontSize\":30,\"fontStyle\":\"normal 400\",\"id\":\"image-3-1750871960882\",\"name\":\"Image 3\",\"perfectDrawEnabled\":false,\"width\":491.8414962174432,\"height\":761.7131336799188,\"fillPriority\":\"pattern\",\"fillImageWidth\":988,\"fillImageHeight\":1532,\"fillSource\":\"/vendor/creative-suite/templates/images/tQgTcH652aRe54KmXwOEsRTSGIhGz0ppUnKBmvwr.png\",\"fillCover\":true,\"fillPatternRepeat\":\"no-repeat\",\"fillPatternY\":-0.46993731243077264,\"fillPatternScaleX\":0.4978152795723109,\"fillPatternScaleY\":0.4978152795723109},\"className\":\"Image\"}",
				"{\"attrs\":{\"x\":40.36842551932568,\"y\":362.12602147816455,\"fill\":\"#184027\",\"stroke\":\"\",\"strokeWidth\":0,\"draggable\":true,\"strokeScaleEnabled\":false,\"text\":\"AD-FREE\\nMUSIC\",\"fontSize\":152,\"fontStyle\":\"normal 800\",\"id\":\"text-1-1750872034348\",\"name\":\"Text 1\",\"perfectDrawEnabled\":false,\"fontFamily\":\"Phudu\",\"lineHeight\":0.8,\"letterSpacing\":-1},\"className\":\"Text\"}",
				"{\"attrs\":{\"x\":37.36842551932568,\"y\":646.4176998721381,\"fill\":\"#2f2f2f\",\"stroke\":\"\",\"strokeWidth\":0,\"draggable\":true,\"strokeScaleEnabled\":false,\"text\":\"Enjoy\\nuninterrupted\\nlistening with\\nad-free music\\n— pure sound,\\nno distractions.\",\"fontSize\":56,\"fontStyle\":\"normal 400\",\"id\":\"text-2-1750872095257\",\"name\":\"Text 2\",\"perfectDrawEnabled\":false,\"fontFamily\":\"Inter\",\"width\":446.00295896306153,\"height\":383.33232367896846,\"lineHeight\":1.05},\"className\":\"Text\"}",
				"{\"attrs\":{\"x\":850.0786221773177,\"y\":41.95419021627467,\"fill\":\"#af2678\",\"stroke\":\"\",\"strokeWidth\":0,\"draggable\":true,\"strokeScaleEnabled\":false,\"text\":\"Double click to edit\",\"fontSize\":30,\"fontStyle\":\"normal 400\",\"id\":\"image-1-1750871879755\",\"name\":\"Image 1\",\"perfectDrawEnabled\":false,\"width\":163.07421954109483,\"height\":163.07421954109486,\"fillPriority\":\"pattern\",\"fillImageWidth\":335,\"fillImageHeight\":335,\"fillSource\":\"/vendor/creative-suite/templates/images/d1DHordIB99VXLamgqipZ3WiX4y7yadbb8I4tnFu.png\",\"fillCover\":true,\"fillPatternRepeat\":\"no-repeat\",\"fillPatternX\":-1.4210854715202004e-14,\"fillPatternScaleX\":0.4867887150480444,\"fillPatternScaleY\":0.4867887150480444},\"className\":\"Image\"}"
			]
		}
	},
	{
		"id": 7,
		"preview": "/vendor/creative-suite/templates/images/ig-ad-mary-shane.png",
		"data": {
			"stage": {
				"width": 1440,
				"height": "1440"
			},
			"nodes": [
				"{\"attrs\":{\"x\":-1.770224577031854,\"y\":-1.770285883248448,\"fill\":\"#efdedd\",\"stroke\":\"\",\"strokeWidth\":0,\"draggable\":true,\"strokeScaleEnabled\":false,\"text\":\"Double click to edit\",\"fontSize\":30,\"fontStyle\":\"normal 400\",\"id\":\"rect-1-1750870674177\",\"name\":\"Rect 1\",\"perfectDrawEnabled\":false,\"width\":1443.5404491540637,\"height\":1443.540571766497},\"className\":\"Rect\"}",
				"{\"attrs\":{\"x\":-2,\"y\":56.77028588324856,\"fill\":\"#689ee1\",\"stroke\":\"\",\"strokeWidth\":0,\"draggable\":true,\"strokeScaleEnabled\":false,\"text\":\"Double click to edit\",\"fontSize\":30,\"fontStyle\":\"normal 400\",\"id\":\"image-1-1750870899290\",\"name\":\"Image 1\",\"perfectDrawEnabled\":false,\"width\":1384.366004063328,\"height\":1384.366004063328,\"fillPriority\":\"pattern\",\"fillImageWidth\":2682,\"fillImageHeight\":2880,\"fillSource\":\"/vendor/creative-suite/templates/images/46qGZhY7yEWYZdgzaHTEcoCNFaGe6XijHr4wO3kR.jpg\",\"fillCover\":true,\"fillPatternRepeat\":\"no-repeat\",\"fillPatternY\":-51.10075853925025,\"fillPatternScaleX\":0.5161692781742461,\"fillPatternScaleY\":0.5161692781742461,\"fillPatternX\":1.1368683772161603e-13},\"className\":\"Image\"}",
				"{\"attrs\":{\"x\":851.3567089689378,\"y\":140.60039830884168,\"fill\":\"#de0e26\",\"stroke\":\"\",\"strokeWidth\":0,\"draggable\":true,\"strokeScaleEnabled\":false,\"text\":\"MAY 15\",\"fontSize\":54,\"fontStyle\":\"normal 900\",\"id\":\"textpath-1-1750870711561\",\"name\":\"TextPath 1\",\"perfectDrawEnabled\":false,\"width\":200,\"height\":200,\"data\":\"M200.195 100.483C200.195 155.711 155.424 200.483 100.195 200.483C44.967 200.483 0.195442 155.711 0.195442 100.483C0.195442 45.2542 44.967 0.482632 100.195 0.482632C155.424 0.482632 200.195 45.2542 200.195 100.483Z\",\"rotation\":89.99999999999969,\"scaleX\":1.3388851629646992,\"scaleY\":1.3388851629647065,\"skewX\":3.1918911957969563e-16,\"fontFamily\":\"Big Shoulders\",\"align\":\"center\",\"letterSpacing\":5},\"className\":\"TextPath\"}",
				"{\"attrs\":{\"x\":325.19775390625,\"y\":1061,\"fill\":\"#de0e26\",\"stroke\":\"\",\"strokeWidth\":0,\"draggable\":true,\"strokeScaleEnabled\":false,\"text\":\"Saturday, May 18th - 2:00 PM\",\"fontSize\":61,\"fontStyle\":\"normal 600\",\"id\":\"text-3-1750871171621\",\"name\":\"Text 3\",\"perfectDrawEnabled\":false,\"fontFamily\":\"Inter Tight\"},\"className\":\"Text\"}",
				"{\"attrs\":{\"x\":355.802001953125,\"y\":995,\"fill\":\"#de0e26\",\"stroke\":\"\",\"strokeWidth\":0,\"draggable\":true,\"strokeScaleEnabled\":false,\"text\":\"52 Willow Lane, Boston, MA\",\"fontSize\":61,\"fontStyle\":\"normal 400\",\"id\":\"text-2-1750871051977\",\"name\":\"Text 2\",\"perfectDrawEnabled\":false,\"fontFamily\":\"Inter Tight\"},\"className\":\"Text\"}",
				"{\"attrs\":{\"x\":448.53405795263404,\"y\":1178.9790597090941,\"fill\":\"#008b3e\",\"stroke\":\"\",\"strokeWidth\":0,\"draggable\":true,\"strokeScaleEnabled\":false,\"text\":\"Double click to edit\",\"fontSize\":30,\"fontStyle\":\"normal 400\",\"id\":\"rect-2-1750871223609\",\"name\":\"Rect 2\",\"perfectDrawEnabled\":false,\"width\":542.9318840947319,\"height\":158.90052238383555,\"cornerRadius\":555},\"className\":\"Rect\"}",
				"{\"attrs\":{\"x\":542.689453125,\"y\":1229,\"fill\":\"#ffffff\",\"stroke\":\"\",\"strokeWidth\":0,\"draggable\":true,\"strokeScaleEnabled\":false,\"text\":\"Get Tickets\",\"fontSize\":66,\"fontStyle\":\"normal 600\",\"id\":\"text-4-1750871290732\",\"name\":\"Text 4\",\"perfectDrawEnabled\":false},\"className\":\"Text\"}",
				"{\"attrs\":{\"x\":328.2925109863281,\"y\":285.8219013797513,\"fill\":\"#de0e26\",\"stroke\":\"\",\"strokeWidth\":0,\"draggable\":true,\"strokeScaleEnabled\":false,\"text\":\"MARY\",\"fontSize\":370,\"fontStyle\":\"normal 900\",\"id\":\"text-5-1750871663566\",\"name\":\"Text 5\",\"perfectDrawEnabled\":false,\"fontFamily\":\"Big Shoulders\",\"letterSpacing\":-15},\"className\":\"Text\"}",
				"{\"attrs\":{\"x\":277.14752197265625,\"y\":623.5479401319822,\"fill\":\"#de0e26\",\"stroke\":\"\",\"strokeWidth\":0,\"draggable\":true,\"strokeScaleEnabled\":false,\"text\":\"SHANE\",\"fontSize\":370,\"fontStyle\":\"normal 900\",\"id\":\"text-5-1750871721668\",\"name\":\"Text 5\",\"perfectDrawEnabled\":false,\"fontFamily\":\"Big Shoulders\",\"letterSpacing\":-15},\"className\":\"Text\"}"
			]
		}
	},
	{
		"id": 8,
		"preview": "/vendor/creative-suite/templates/images/ig-post-fitness.png",
		"data": {
			"stage": {
				"width": "1440",
				"height": 1440
			},
			"nodes": [
				"{\"attrs\":{\"x\":-180.20342701794152,\"y\":-1077.4153591513282,\"fill\":\"#1fd3bf\",\"stroke\":\"\",\"strokeWidth\":0,\"draggable\":true,\"strokeScaleEnabled\":false,\"text\":\"Double click to edit\",\"fontSize\":30,\"fontStyle\":\"normal 400\",\"id\":\"image-1-1750765820766\",\"name\":\"Image 1\",\"perfectDrawEnabled\":false,\"width\":3205.732131616439,\"height\":2715.7395861359882,\"fillPriority\":\"pattern\",\"fillImageWidth\":4096,\"fillImageHeight\":1953,\"fillSource\":\"/vendor/creative-suite/templates/images/Qkgpd26ju7sVltPmCkAyJgvqbjBzTWHxCmGBOtZK.jpg\",\"fillCover\":true,\"fillPatternRepeat\":\"no-repeat\",\"fillPatternX\":-1244.9755483272152,\"fillPatternScaleX\":1.3905476631520677,\"fillPatternScaleY\":1.3905476631520677},\"className\":\"Image\"}",
				"{\"attrs\":{\"x\":127.72085942483375,\"y\":765.2790868805802,\"fill\":\"#ebf96d\",\"stroke\":\"\",\"strokeWidth\":0,\"draggable\":true,\"strokeScaleEnabled\":false,\"text\":\"Double click to edit\",\"fontSize\":30,\"fontStyle\":\"normal 400\",\"id\":\"path-1-1750766009667\",\"name\":\"Path 1\",\"perfectDrawEnabled\":false,\"data\":\"M0.189392 8.67452C0.189392 4.17526 3.83677 0.527885 8.33602 0.527885H166.826C168.76 0.527885 170.631 1.21574 172.104 2.46846L196.842 23.5052C200.103 26.2785 200.661 31.1028 198.12 34.5477L181.486 57.0953C179.95 59.1772 177.517 60.4057 174.93 60.4057H8.33602C3.83677 60.4057 0.189392 56.7584 0.189392 52.259V8.67452Z\",\"scaleX\":2.440601060317682,\"scaleY\":2.3229875030771505,\"fillPatternScaleX\":1.3333333333333335,\"fillPatternScaleY\":1.3333333333333335},\"className\":\"Path\"}",
				"{\"attrs\":{\"x\":188.33042383169385,\"y\":796.4397944727001,\"fill\":\"#102b26\",\"stroke\":\"\",\"strokeWidth\":0,\"draggable\":true,\"strokeScaleEnabled\":false,\"text\":\"Full guide\",\"fontSize\":82,\"fontStyle\":\"italic 700\",\"id\":\"text-1-1750766019942\",\"name\":\"Text 1\",\"perfectDrawEnabled\":false,\"letterSpacing\":-3,\"fontFamily\":\"Barlow\",\"width\":421.9332275390626,\"height\":109.33333333333334,\"fillPatternScaleX\":1.3333333333333335,\"fillPatternScaleY\":1.3333333333333335},\"className\":\"Text\"}",
				"{\"attrs\":{\"x\":272.4081632653031,\"y\":1140.7959183673247,\"fill\":\"#fbfca3\",\"stroke\":\"\",\"strokeWidth\":0,\"draggable\":true,\"strokeScaleEnabled\":false,\"text\":\"Double click to edit\",\"fontSize\":30,\"fontStyle\":\"normal 400\",\"id\":\"image-2-1750767084287\",\"name\":\"Image 2\",\"perfectDrawEnabled\":false,\"width\":903.4693877551053,\"height\":188.97959183672876,\"fillPriority\":\"pattern\",\"fillImageWidth\":1796,\"fillImageHeight\":402,\"fillSource\":\"/vendor/creative-suite/templates/images/V9qJdydKqaXj342Imuzul2avnTGhzM4rgq6QKysa.png\",\"fillCover\":true,\"fillPatternRepeat\":\"no-repeat\",\"fillPatternY\":-6.622312622156855,\"fillPatternScaleX\":0.5030453161219963,\"fillPatternScaleY\":0.5030453161219962},\"className\":\"Image\"}",
				"{\"attrs\":{\"x\":113.25780131942093,\"y\":983.6250609745231,\"fill\":\"#ebf96d\",\"stroke\":\"\",\"strokeWidth\":0,\"draggable\":true,\"strokeScaleEnabled\":false,\"text\":\"Get in shape\\nin 3 months\",\"fontSize\":192,\"fontStyle\":\"italic 700\",\"id\":\"text-2-1750766212717\",\"name\":\"Text 2\",\"perfectDrawEnabled\":false,\"letterSpacing\":-4,\"fontFamily\":\"Inter Tight\",\"width\":1061.1932929421653,\"height\":348.53061224489676,\"fillPatternScaleX\":1.3333333333333335,\"fillPatternScaleY\":1.3333333333333335,\"lineHeight\":0.9},\"className\":\"Text\"}"
			]
		}
	},
	{
		"id": 9,
		"preview": "/vendor/creative-suite/templates/images/ig-post-portait-skin-care.png",
		"data": {
			"stage": {
				"width": 1080,
				"height": 1350
			},
			"nodes": [
				"{\"attrs\":{\"x\":-163.16666666666674,\"y\":-2.5,\"fill\":\"#f6e799\",\"stroke\":\"\",\"strokeWidth\":0,\"draggable\":true,\"strokeScaleEnabled\":false,\"text\":\"Double click to edit\",\"fontSize\":30,\"fontStyle\":\"normal 400\",\"id\":\"image-2-1750772386729\",\"name\":\"Image 2\",\"perfectDrawEnabled\":false,\"width\":1726.001068437397,\"height\":2184.8692223758335,\"fillPriority\":\"pattern\",\"fillImageWidth\":2731,\"fillImageHeight\":4096,\"fillSource\":\"/vendor/creative-suite/templates/images/ydFrDR8a2lUbYS0Lu8nSEoukihVFzxLzb6emvWed.jpg\",\"fillCover\":true,\"fillPatternRepeat\":\"no-repeat\",\"fillPatternY\":-201.90818930999217,\"fillPatternScaleX\":0.6320033205556196,\"fillPatternScaleY\":0.6320033205556196,\"fillPatternX\":-1.1368683772161603e-13},\"className\":\"Image\"}",
				"{\"attrs\":{\"x\":378.7186972204813,\"y\":-2.5,\"fill\":\"#5acb77\",\"stroke\":\"\",\"strokeWidth\":0,\"draggable\":true,\"strokeScaleEnabled\":false,\"text\":\"Double click to edit\",\"fontSize\":30,\"fontStyle\":\"normal 400\",\"id\":\"image-3-1750773058962\",\"name\":\"Image 3\",\"perfectDrawEnabled\":false,\"width\":701.2813027795136,\"height\":562.3938820366307,\"fillPriority\":\"pattern\",\"fillImageWidth\":1446,\"fillImageHeight\":1159,\"fillSource\":\"/vendor/creative-suite/templates/images/hbdLR8MRTruAoXRTIV5hxUrnbeC9rKZX5jSCw8FF.png\",\"fillCover\":true,\"fillPatternRepeat\":\"no-repeat\",\"fillPatternX\":-0.18831902653653287,\"fillPatternScaleX\":0.48524062298242504,\"fillPatternScaleY\":0.4852406229824251},\"className\":\"Image\"}",
				"{\"attrs\":{\"x\":174.93202653255935,\"y\":-4.0070422535210355,\"fill\":\"#4b21d9\",\"stroke\":\"\",\"strokeWidth\":0,\"draggable\":true,\"strokeScaleEnabled\":false,\"text\":\"Double click to edit\",\"fontSize\":30,\"fontStyle\":\"normal 400\",\"id\":\"image-4-1750773183199\",\"name\":\"Image 4\",\"perfectDrawEnabled\":false,\"width\":907.444733903122,\"height\":1162.5418586698931,\"fillPriority\":\"pattern\",\"fillImageWidth\":1880,\"fillImageHeight\":2407,\"fillSource\":\"/vendor/creative-suite/templates/images/NuDB5o0cfJ3d28nkb4vldnIMWAzuOR48sOc4ehxQ.png\",\"fillCover\":true,\"fillPatternRepeat\":\"no-repeat\",\"fillPatternX\":-0.2823472776452718,\"fillPatternScaleX\":0.48298373854170884,\"fillPatternScaleY\":0.48298373854170884},\"className\":\"Image\"}",
				"{\"attrs\":{\"x\":117.99101012748099,\"y\":858.6753384280174,\"fill\":\"#5c968b\",\"stroke\":\"\",\"strokeWidth\":0,\"draggable\":true,\"strokeScaleEnabled\":false,\"text\":\"Double click to edit\",\"fontSize\":30,\"fontStyle\":\"normal 400\",\"id\":\"image-2-1750772882769\",\"name\":\"Image 2\",\"perfectDrawEnabled\":false,\"width\":371.47103501669716,\"height\":371.4710350166973,\"fillPriority\":\"pattern\",\"fillImageWidth\":680,\"fillImageHeight\":686,\"fillSource\":\"/vendor/creative-suite/templates/images/IMl2mmgFd78JSqFB2MPSQluuSursBgKodVudnMfl.png\",\"fillCover\":true,\"fillPatternRepeat\":\"no-repeat\",\"fillPatternY\":-1.6388428015442003,\"fillPatternScaleX\":0.5462809338480841,\"fillPatternScaleY\":0.5462809338480841},\"className\":\"Image\"}",
				"{\"attrs\":{\"x\":254.77251528823263,\"y\":1005.1153065269923,\"fill\":\"#f0f0dc\",\"stroke\":\"\",\"strokeWidth\":0,\"draggable\":true,\"strokeScaleEnabled\":false,\"text\":\"Double click to edit\",\"fontSize\":30,\"fontStyle\":\"normal 400\",\"id\":\"path-1-1750773456420\",\"name\":\"Path 1\",\"perfectDrawEnabled\":false,\"data\":\"M186.919 62.0164C160.182 62.0164 135.814 37.7629 135.814 11.129V0.208969H113.88V11.129C113.88 30.501 122.412 48.6719 135.803 62.0164H0.483215V83.8564H135.803C122.412 97.2005 113.88 115.371 113.88 134.744V145.664H135.814V134.744C135.814 108.11 160.182 83.8564 186.919 83.8564H197.886V62.0164H186.919Z\",\"scaleX\":0.4344937285134516,\"scaleY\":0.4344937285134514},\"className\":\"Path\"}",
				"{\"attrs\":{\"x\":283.81710049250273,\"y\":1226.4286317087028,\"fill\":\"#f0f0dc\",\"stroke\":\"\",\"strokeWidth\":0,\"draggable\":true,\"strokeScaleEnabled\":false,\"text\":\"SEE MORE\",\"fontSize\":30,\"fontStyle\":\"normal 400\",\"id\":\"textpath-1-1750773516649\",\"name\":\"TextPath 1\",\"perfectDrawEnabled\":false,\"width\":200,\"height\":200,\"data\":\"M200.195 100.483C200.195 155.711 155.424 200.483 100.195 200.483C44.967 200.483 0.195442 155.711 0.195442 100.483C0.195442 45.2542 44.967 0.482632 100.195 0.482632C155.424 0.482632 200.195 45.2542 200.195 100.483Z\",\"rotation\":-128.79176611860095,\"scaleX\":1.2900298426809351,\"scaleY\":1.2900298426809529,\"skewX\":2.134817203614005e-15,\"fontFamily\":\"Francois One\"},\"className\":\"TextPath\"}",
				"{\"attrs\":{\"x\":422.79965522550856,\"y\":105.65217391304344,\"fill\":\"#f0f0dc\",\"stroke\":\"\",\"strokeWidth\":0,\"draggable\":true,\"strokeScaleEnabled\":false,\"text\":\"Bring life\\nhome with\",\"fontSize\":132,\"fontStyle\":\"normal 700\",\"id\":\"text-1-1750773727879\",\"name\":\"Text 1\",\"perfectDrawEnabled\":false,\"letterSpacing\":-8,\"lineHeight\":0.9},\"className\":\"Text\"}",
				"{\"attrs\":{\"x\":422.79965522550856,\"y\":348.73913043478257,\"fill\":\"#f0f0dc\",\"stroke\":\"\",\"strokeWidth\":0,\"draggable\":true,\"strokeScaleEnabled\":false,\"text\":\"plants\",\"fontSize\":132,\"fontStyle\":\"normal 400\",\"id\":\"text-2-1750773847470\",\"name\":\"Text 2\",\"perfectDrawEnabled\":false,\"letterSpacing\":-8,\"lineHeight\":0.9,\"fontFamily\":\"Playfair Display\"},\"className\":\"Text\"}"
			]
		}
	},
	{
		"id": 10,
		"preview": "/vendor/creative-suite/templates/images/ig-post-portait-skin-care-product.png",
		"data": {
			"stage": {
				"width": 1080,
				"height": 1350
			},
			"nodes": [
				"{\"attrs\":{\"x\":-1.0912102984591459,\"y\":-1.364056720098745,\"fill\":\"#7a943a\",\"stroke\":\"\",\"strokeWidth\":0,\"draggable\":true,\"strokeScaleEnabled\":false,\"text\":\"Double click to edit\",\"fontSize\":30,\"fontStyle\":\"normal 400\",\"id\":\"image-1-1750862021196\",\"name\":\"Image 1\",\"perfectDrawEnabled\":false,\"width\":1080.5178091315663,\"height\":1353.514180024661,\"fillPriority\":\"pattern\",\"fillImageWidth\":2732,\"fillImageHeight\":4096,\"fillSource\":\"/vendor/creative-suite/templates/images/j1pBpc2PLXfrYSHLX1V7884ROGrQiadgflt7rzH2.jpg\",\"fillCover\":true,\"fillPatternRepeat\":\"no-repeat\",\"fillPatternY\":-133.23576251382167,\"fillPatternScaleX\":0.39550432252253526,\"fillPatternScaleY\":0.39550432252253526},\"className\":\"Image\"}",
				"{\"attrs\":{\"x\":78.30568457851882,\"y\":72,\"fill\":\"#f1f2d0\",\"stroke\":\"\",\"strokeWidth\":0,\"draggable\":true,\"strokeScaleEnabled\":false,\"text\":\"10\",\"fontSize\":232,\"fontStyle\":\"italic 800\",\"id\":\"text-1-1750862608175\",\"name\":\"Text 1\",\"perfectDrawEnabled\":false,\"fontFamily\":\"Fraunces\"},\"className\":\"Text\"}",
				"{\"attrs\":{\"x\":85.30568457851882,\"y\":322.34453781512605,\"fill\":\"#f1f2d0\",\"stroke\":\"\",\"strokeWidth\":0,\"draggable\":true,\"strokeScaleEnabled\":false,\"text\":\"Beauty \\ntips no one\\ntold you\",\"fontSize\":132,\"fontStyle\":\"italic 800\",\"id\":\"text-2-1750862644781\",\"name\":\"Text 2\",\"perfectDrawEnabled\":false,\"fontFamily\":\"Fraunces\",\"lineHeight\":0.9,\"letterSpacing\":-6},\"className\":\"Text\"}",
				"{\"attrs\":{\"x\":842.227801219404,\"y\":1128.0165255796373,\"fill\":\"#ff7a4b94\",\"stroke\":\"\",\"strokeWidth\":0,\"draggable\":true,\"strokeScaleEnabled\":false,\"text\":\"Double click to edit\",\"fontSize\":30,\"fontStyle\":\"normal 400\",\"id\":\"ellipse-1-1750862777623\",\"name\":\"Ellipse 1\",\"perfectDrawEnabled\":false,\"radiusX\":159.5591763425131,\"radiusY\":159.55917634251344},\"className\":\"Ellipse\"}",
				"{\"attrs\":{\"x\":956.7231590593788,\"y\":1010.3621820320047,\"fill\":\"#f0f0dc\",\"stroke\":\"\",\"strokeWidth\":0,\"draggable\":true,\"strokeScaleEnabled\":false,\"text\":\"Complete Guide\",\"fontSize\":40,\"fontStyle\":\"normal 700\",\"id\":\"textpath-1-1750862887225\",\"name\":\"TextPath 1\",\"perfectDrawEnabled\":false,\"width\":200,\"height\":200,\"data\":\"M200.195 100.483C200.195 155.711 155.424 200.483 100.195 200.483C44.967 200.483 0.195442 155.711 0.195442 100.483C0.195442 45.2542 44.967 0.482632 100.195 0.482632C155.424 0.482632 200.195 45.2542 200.195 100.483Z\",\"fontFamily\":\"Inter\",\"rotation\":89.99999999999969,\"scaleX\":1.1625914942256508,\"scaleY\":1.1625914942256614,\"skewX\":1.3877787807809014e-16,\"align\":\"center\"},\"className\":\"TextPath\"}",
				"{\"attrs\":{\"x\":810.375384353204,\"y\":1104.5935029190987,\"fill\":\"#f0f0dc\",\"stroke\":\"\",\"strokeWidth\":0,\"draggable\":true,\"strokeScaleEnabled\":false,\"text\":\"Double click to edit\",\"fontSize\":30,\"fontStyle\":\"normal 400\",\"id\":\"path-1-1750863100060\",\"name\":\"Path 1\",\"perfectDrawEnabled\":false,\"data\":\"M186.919 62.0164C160.182 62.0164 135.814 37.7629 135.814 11.129V0.208969H113.88V11.129C113.88 30.501 122.412 48.6719 135.803 62.0164H0.483215V83.8564H135.803C122.412 97.2005 113.88 115.371 113.88 134.744V145.664H135.814V134.744C135.814 108.11 160.182 83.8564 186.919 83.8564H197.886V62.0164H186.919Z\",\"scaleX\":0.3211427424986277,\"scaleY\":0.32114274249862784},\"className\":\"Path\"}"
			]
		}
	},
	{
		"id": 11,
		"preview": "/vendor/creative-suite/templates/images/ig-post-square.png",
		"data": {
			"stage": {
				"width": 1080,
				"height": 1080
			},
			"nodes": [
				"{\"attrs\":{\"x\":-24.63288025491113,\"y\":-12.793481307514298,\"fill\":\"#102b26\",\"stroke\":\"\",\"strokeWidth\":0,\"draggable\":true,\"strokeScaleEnabled\":false,\"text\":\"Double click to edit\",\"fontSize\":30,\"fontStyle\":\"normal 400\",\"id\":\"rect-1-1750853682703\",\"name\":\"Rect 1\",\"perfectDrawEnabled\":false,\"width\":1129.2657605098223,\"height\":1105.5869626150286},\"className\":\"Rect\"}",
				"{\"attrs\":{\"x\":29.392307502096656,\"y\":43.58464831507508,\"fill\":\"#b7f96c\",\"stroke\":\"\",\"strokeWidth\":0,\"draggable\":true,\"strokeScaleEnabled\":false,\"text\":\"Double click to edit\",\"fontSize\":30,\"fontStyle\":\"normal 400\",\"id\":\"path-1-1750953802980\",\"name\":\"Path 1\",\"perfectDrawEnabled\":false,\"data\":\"M200 179.441C200 187.726 193.284 194.441 185 194.441H15C6.71573 194.441 0 187.726 0 179.441V53.2256C0 44.9413 6.71573 38.2256 15 38.2256H72.6045C80.8888 38.2256 87.6045 31.5099 87.6045 23.2256V15C87.6045 6.71573 94.3202 0 102.604 0H185C193.284 0 200 6.71573 200 15V179.441Z\",\"scaleX\":5.106076924979033,\"scaleY\":5.106076924979034},\"className\":\"Path\"}",
				"{\"attrs\":{\"x\":72.03277459544279,\"y\":49.388755188053835,\"fill\":\"#5953be\",\"stroke\":\"\",\"strokeWidth\":0,\"draggable\":true,\"strokeScaleEnabled\":false,\"text\":\"Double click to edit\",\"fontSize\":30,\"fontStyle\":\"normal 400\",\"id\":\"image-2-1750853813292\",\"name\":\"Image 2\",\"perfectDrawEnabled\":false,\"width\":348.3098591549302,\"height\":167.6760563380275,\"fillPriority\":\"pattern\",\"fillImageWidth\":724,\"fillImageHeight\":316,\"fillSource\":\"/vendor/creative-suite/templates/images/0LCTRpwe30ZtVH3IiojdzRZWZiu4QXBwIHVz1la5.png\",\"fillCover\":true,\"fillPatternRepeat\":\"no-repeat\",\"fillPatternX\":-17.929666607237294,\"fillPatternScaleX\":0.5306204314494541,\"fillPatternScaleY\":0.5306204314494541},\"className\":\"Image\"}",
				"{\"attrs\":{\"x\":113.7982113200506,\"y\":370.22535211267575,\"fill\":\"#4222ee\",\"stroke\":\"\",\"strokeWidth\":0,\"draggable\":true,\"strokeScaleEnabled\":false,\"text\":\"Double click to edit\",\"fontSize\":30,\"fontStyle\":\"normal 400\",\"id\":\"image-3-1750853875116\",\"name\":\"Image 3\",\"perfectDrawEnabled\":false,\"width\":133.450704225352,\"height\":135.35211267605678,\"fillPriority\":\"pattern\",\"fillImageWidth\":292,\"fillImageHeight\":296,\"fillSource\":\"/vendor/creative-suite/templates/images/kcHtTke6BVmxyg7PX0jKBnZCfmFIAYwj7skCq3S8.png\",\"fillCover\":true,\"fillPatternRepeat\":\"no-repeat\",\"fillPatternX\":-0.03616292348714012,\"fillPatternScaleX\":0.4572706509326243,\"fillPatternScaleY\":0.45727065093262426},\"className\":\"Image\"}",
				"{\"attrs\":{\"x\":97.99539441864215,\"y\":554.8169014084507,\"fill\":\"#064d00\",\"stroke\":\"\",\"strokeWidth\":0,\"draggable\":true,\"strokeScaleEnabled\":false,\"text\":\"Buy and sell\\ntop coins\",\"fontSize\":117,\"fontStyle\":\"normal 800\",\"id\":\"text-1-1750853918289\",\"name\":\"Text 1\",\"perfectDrawEnabled\":false,\"fontFamily\":\"Inter Tight\",\"letterSpacing\":-3},\"className\":\"Text\"}",
				"{\"attrs\":{\"x\":107.7982113200506,\"y\":838.7323943661971,\"fill\":\"#2f2f2f\",\"stroke\":\"\",\"strokeWidth\":0,\"draggable\":true,\"strokeScaleEnabled\":false,\"text\":\"Trade Ethereum and other\\ntop coins with ease. \",\"fontSize\":61,\"fontStyle\":\"normal 400\",\"id\":\"text-2-1750854004316\",\"name\":\"Text 2\",\"perfectDrawEnabled\":false},\"className\":\"Text\"}",
				"{\"attrs\":{\"x\":427.0327745954428,\"y\":-6.793481307514298,\"fill\":\"#d6f6b3\",\"stroke\":\"\",\"strokeWidth\":0,\"draggable\":true,\"strokeScaleEnabled\":false,\"text\":\"Double click to edit\",\"fontSize\":30,\"fontStyle\":\"normal 400\",\"id\":\"image-4-1750854079927\",\"name\":\"Image 4\",\"perfectDrawEnabled\":false,\"width\":617.9840161576155,\"height\":682.6319034815605,\"fillPriority\":\"pattern\",\"fillImageWidth\":1350,\"fillImageHeight\":1375,\"fillSource\":\"/vendor/creative-suite/templates/images/Cwb8ktWFlc8N9IvlfetCx3MXNGMeoSvkGIwfH2ld.png\",\"fillCover\":true,\"fillPatternRepeat\":\"no-repeat\",\"fillPatternX\":-26.118199084867342,\"fillPatternScaleX\":0.4964595661684076,\"fillPatternScaleY\":0.49645956616840764},\"className\":\"Image\"}"
			]
		}
	},
	{
		"id": 12,
		"preview": "/vendor/creative-suite/templates/images/ig-story-jewelry.png",
		"data": {
			"stage": {
				"width": 1080,
				"height": 1920
			},
			"nodes": [
				"{\"attrs\":{\"x\":-6.253194555007326,\"y\":-4.479744166924206,\"fill\":\"#754627\",\"stroke\":\"\",\"strokeWidth\":0,\"draggable\":true,\"strokeScaleEnabled\":false,\"text\":\"Double click to edit\",\"fontSize\":30,\"fontStyle\":\"normal 400\",\"id\":\"rect-1-1750774340702\",\"name\":\"Rect 1\",\"perfectDrawEnabled\":false,\"width\":1092.5063891100147,\"height\":1928.9594883338484},\"className\":\"Rect\"}",
				"{\"attrs\":{\"x\":18.849898472816268,\"y\":21.642775764570494,\"fill\":\"#cfa07c\",\"stroke\":\"\",\"strokeWidth\":0,\"draggable\":true,\"strokeScaleEnabled\":false,\"text\":\"Double click to edit\",\"fontSize\":30,\"fontStyle\":\"normal 400\",\"id\":\"rect-2-1750774461809\",\"name\":\"Rect 2\",\"perfectDrawEnabled\":false,\"width\":510.9909041063351,\"height\":928.0053928165639},\"className\":\"Rect\"}",
				"{\"attrs\":{\"x\":550.5341693683675,\"y\":21.642775764570494,\"fill\":\"#0174f2\",\"stroke\":\"\",\"strokeWidth\":0,\"draggable\":true,\"strokeScaleEnabled\":false,\"text\":\"Double click to edit\",\"fontSize\":30,\"fontStyle\":\"normal 400\",\"id\":\"image-1-1750774579049\",\"name\":\"Image 1\",\"perfectDrawEnabled\":false,\"width\":510.58367561227686,\"height\":928.6412138740337,\"fillPriority\":\"pattern\",\"fillImageWidth\":2731,\"fillImageHeight\":4096,\"fillSource\":\"/vendor/creative-suite/templates/images/i0MLoMOiTXj5Ezw6qSgdis7xpEgM53szSpHbOpn1.jpg\",\"fillCover\":true,\"fillPatternRepeat\":\"no-repeat\",\"fillPatternX\":-54.29301999293213,\"fillPatternScaleX\":0.22671904635596526,\"fillPatternScaleY\":0.22671904635596526},\"className\":\"Image\"}",
				"{\"attrs\":{\"x\":18.84989847281626,\"y\":970.3449608508364,\"fill\":\"#187f4f\",\"stroke\":\"\",\"strokeWidth\":0,\"draggable\":true,\"strokeScaleEnabled\":false,\"text\":\"Double click to edit\",\"fontSize\":30,\"fontStyle\":\"normal 400\",\"id\":\"image-2-1750774777765\",\"name\":\"Image 2\",\"perfectDrawEnabled\":false,\"width\":510.04396104734104,\"height\":931.1940351352141,\"fillPriority\":\"pattern\",\"fillImageWidth\":4096,\"fillImageHeight\":3072,\"fillSource\":\"/vendor/creative-suite/templates/images/BnNI8E868s0fmDEMmot2ktBBO6Yw27r4l2wvErMf.jpg\",\"fillCover\":true,\"fillPatternRepeat\":\"no-repeat\",\"fillPatternX\":-365.7740428998055,\"fillPatternScaleX\":0.3031230583122442,\"fillPatternScaleY\":0.3031230583122442},\"className\":\"Image\"}",
				"{\"attrs\":{\"x\":551.6113785609488,\"y\":970.3449608508362,\"fill\":\"#c924a3\",\"stroke\":\"\",\"strokeWidth\":0,\"draggable\":true,\"strokeScaleEnabled\":false,\"text\":\"Double click to edit\",\"fontSize\":30,\"fontStyle\":\"normal 400\",\"id\":\"image-3-1750774918439\",\"name\":\"Image 3\",\"perfectDrawEnabled\":false,\"width\":509.5064664196955,\"height\":931.7259301887352,\"fillPriority\":\"pattern\",\"fillImageWidth\":4096,\"fillImageHeight\":2731,\"fillSource\":\"/vendor/creative-suite/templates/images/ZLnrOxhiACNyM9Xx8WTImRpYW9W6EeYWr55wRe3s.jpg\",\"fillCover\":true,\"fillPatternRepeat\":\"no-repeat\",\"fillPatternX\":-443.9559227866845,\"fillPatternScaleX\":0.34116658007643175,\"fillPatternScaleY\":0.3411665800764318},\"className\":\"Image\"}",
				"{\"attrs\":{\"x\":465.8790086319011,\"y\":885.8790086319011,\"fill\":\"#f0f0dc\",\"stroke\":\"\",\"strokeWidth\":0,\"draggable\":true,\"strokeScaleEnabled\":false,\"text\":\"Double click to edit\",\"fontSize\":30,\"fontStyle\":\"normal 400\",\"id\":\"path-1-1750774479865\",\"name\":\"Path 1\",\"perfectDrawEnabled\":false,\"data\":\"M94.7917 200C92.8819 188.715 87.8472 176.562 79.6875 163.542C71.5278 150.347 59.8958 138.108 44.7917 126.823C29.8611 115.538 14.9306 108.333 0 105.208V94.2708C14.7569 90.7986 28.9062 84.375 42.4479 75C56.1632 65.4514 67.6215 53.993 76.8229 40.625C86.1979 26.9097 92.1875 13.368 94.7917 0H105.729C107.292 8.68055 110.417 17.6215 115.104 26.8229C119.792 35.8507 125.781 44.5312 133.073 52.8646C140.538 61.0243 148.872 68.4028 158.073 75C171.788 84.7222 185.764 91.1458 200 94.2708V105.208C190.451 107.118 180.556 111.024 170.312 116.927C160.243 122.83 150.868 129.861 142.187 138.021C133.507 146.007 126.389 154.427 120.833 163.281C112.674 176.302 107.639 188.542 105.729 200H94.7917Z\",\"scaleX\":0.7412099136809891,\"scaleY\":0.7412099136809888},\"className\":\"Path\"}",
				"{\"attrs\":{\"x\":60.69738416238155,\"y\":640.1170593851679,\"fill\":\"#f0f0dc\",\"stroke\":\"\",\"strokeWidth\":0,\"draggable\":true,\"strokeScaleEnabled\":false,\"text\":\"Double click to edit\",\"fontSize\":30,\"fontStyle\":\"normal 400\",\"id\":\"path-2-1750775010371\",\"name\":\"Path 2\",\"perfectDrawEnabled\":false,\"data\":\"M94.7917 200C92.8819 188.715 87.8472 176.562 79.6875 163.542C71.5278 150.347 59.8958 138.108 44.7917 126.823C29.8611 115.538 14.9306 108.333 0 105.208V94.2708C14.7569 90.7986 28.9062 84.375 42.4479 75C56.1632 65.4514 67.6215 53.993 76.8229 40.625C86.1979 26.9097 92.1875 13.368 94.7917 0H105.729C107.292 8.68055 110.417 17.6215 115.104 26.8229C119.792 35.8507 125.781 44.5312 133.073 52.8646C140.538 61.0243 148.872 68.4028 158.073 75C171.788 84.7222 185.764 91.1458 200 94.2708V105.208C190.451 107.118 180.556 111.024 170.312 116.927C160.243 122.83 150.868 129.861 142.187 138.021C133.507 146.007 126.389 154.427 120.833 163.281C112.674 176.302 107.639 188.542 105.729 200H94.7917Z\",\"scaleX\":0.19089878079375414,\"scaleY\":0.1908987807937545},\"className\":\"Path\"}",
				"{\"attrs\":{\"x\":60.69738416238155,\"y\":703.6813186813185,\"fill\":\"#ffffff\",\"stroke\":\"\",\"strokeWidth\":0,\"draggable\":true,\"strokeScaleEnabled\":false,\"text\":\"52 Willow Lane,\\nBoston, MA\",\"fontSize\":35,\"fontStyle\":\"normal 400\",\"id\":\"text-1-1750775019047\",\"name\":\"Text 1\",\"perfectDrawEnabled\":false,\"fontFamily\":\"Inter Tight\",\"lineHeight\":1.2},\"className\":\"Text\"}",
				"{\"attrs\":{\"x\":60.69738416238155,\"y\":792.2527472527471,\"fill\":\"#ffffff\",\"stroke\":\"\",\"strokeWidth\":0,\"draggable\":true,\"strokeScaleEnabled\":false,\"text\":\"Saturday, May 18th -\\n2:00 PM\",\"fontSize\":35,\"fontStyle\":\"normal 700\",\"id\":\"text-2-1750775065156\",\"name\":\"Text 2\",\"perfectDrawEnabled\":false,\"fontFamily\":\"Inter Tight\",\"lineHeight\":1.2},\"className\":\"Text\"}"
			]
		}
	},
	{
		"id": 13,
		"preview": "/vendor/creative-suite/templates/images/ig-story-outdoor-sale.png",
		"data": {
			"stage": {
				"width": 1080,
				"height": 1920
			},
			"nodes": [
				"{\"attrs\":{\"x\":-2.9457364341078573,\"y\":-1.550387596897508,\"fill\":\"#735c14\",\"stroke\":\"\",\"strokeWidth\":0,\"draggable\":true,\"strokeScaleEnabled\":false,\"text\":\"Double click to edit\",\"fontSize\":30,\"fontStyle\":\"normal 400\",\"id\":\"image-1-1750775345740\",\"name\":\"Image 1\",\"perfectDrawEnabled\":false,\"width\":1085.8914728682157,\"height\":1923.100775193795,\"fillPriority\":\"pattern\",\"fillImageWidth\":2160,\"fillImageHeight\":3840,\"fillSource\":\"/vendor/creative-suite/templates/images/A6U1jeBOF9U6NT9S11AQzcklI2r4oOxIfiGGrNAB.jpg\",\"fillCover\":true,\"fillPatternRepeat\":\"no-repeat\",\"fillPatternY\":-3.6864771748496423,\"fillPatternScaleX\":0.502727533735285,\"fillPatternScaleY\":0.502727533735285},\"className\":\"Image\"}",
				"{\"attrs\":{\"x\":143.54310501453483,\"y\":1251.9767441860415,\"fill\":\"#ff4c00\",\"stroke\":\"\",\"strokeWidth\":0,\"draggable\":true,\"strokeScaleEnabled\":false,\"text\":\"70%\",\"fontSize\":245,\"fontStyle\":\"normal 400\",\"id\":\"text-1-1750775395647\",\"name\":\"Text 1\",\"perfectDrawEnabled\":false,\"width\":792.9137899709302,\"height\":244.88372093023702,\"fontFamily\":\"Climate Crisis\"},\"className\":\"Text\"}",
				"{\"attrs\":{\"x\":186.7989189680235,\"y\":1509.1860465116238,\"fill\":\"#ff4c00\",\"stroke\":\"\",\"strokeWidth\":0,\"draggable\":true,\"strokeScaleEnabled\":false,\"text\":\"OFF\",\"fontSize\":245,\"fontStyle\":\"normal 400\",\"id\":\"text-2-1750775473431\",\"name\":\"Text 2\",\"perfectDrawEnabled\":false,\"width\":706.4021620639531,\"height\":244.88372093023702,\"fontFamily\":\"Climate Crisis\"},\"className\":\"Text\"}"
			]
		}
	},
	{
		"id": 14,
		"preview": "/vendor/creative-suite/templates/images/instagram-ad-drink.png",
		"data": {
			"stage": {
				"width": 1440,
				"height": "1440"
			},
			"nodes": [
				"{\"attrs\":{\"x\":-6.1249355197014665,\"y\":-15.125,\"fill\":\"#e7ded1\",\"stroke\":\"\",\"strokeWidth\":0,\"draggable\":true,\"strokeScaleEnabled\":false,\"text\":\"Double click to edit\",\"fontSize\":30,\"fontStyle\":\"normal 400\",\"id\":\"rect-1-1750866743759\",\"name\":\"Rect 1\",\"perfectDrawEnabled\":false,\"width\":1452.249871039403,\"height\":1470.25},\"className\":\"Rect\"}",
				"{\"attrs\":{\"x\":80.6136850725475,\"y\":69.6157306566714,\"fill\":\"#97179b\",\"stroke\":\"\",\"strokeWidth\":0,\"draggable\":true,\"strokeScaleEnabled\":false,\"text\":\"Double click to edit\",\"fontSize\":30,\"fontStyle\":\"normal 400\",\"id\":\"image-1-1750867002543\",\"name\":\"Image 1\",\"perfectDrawEnabled\":false,\"width\":296.9631671976465,\"height\":296.9631671976465,\"fillPriority\":\"pattern\",\"fillImageWidth\":603,\"fillImageHeight\":610,\"fillSource\":\"/vendor/creative-suite/templates/images/vXIFjq7Ie3wxM9OnWEVXYWAtkp0JFPyZj8gRWAPs.png\",\"fillCover\":true,\"fillPatternRepeat\":\"no-repeat\",\"fillPatternY\":-1.723666807946529,\"fillPatternScaleX\":0.49247623084186815,\"fillPatternScaleY\":0.49247623084186815},\"className\":\"Image\"}",
				"{\"attrs\":{\"x\":172.9473927333777,\"y\":146.34731425549458,\"fill\":\"#000000\",\"stroke\":\"\",\"strokeWidth\":0,\"draggable\":true,\"strokeScaleEnabled\":false,\"text\":\"7\",\"fontSize\":186,\"fontStyle\":\"normal 900\",\"id\":\"text-1-1750867497577\",\"name\":\"Text 1\",\"perfectDrawEnabled\":false,\"fontFamily\":\"Fraunces\",\"rotation\":-19.060131287680484,\"skewX\":-6.661338147750939e-16,\"width\":116.95932537990721,\"height\":176.12906681743536},\"className\":\"Text\"}",
				"{\"attrs\":{\"x\":107.82355266154798,\"y\":186.09731425549464,\"fill\":\"#000000\",\"stroke\":\"\",\"strokeWidth\":0,\"draggable\":true,\"strokeScaleEnabled\":false,\"text\":\"$\",\"fontSize\":88,\"fontStyle\":\"normal 700\",\"id\":\"text-2-1750867559671\",\"name\":\"Text 2\",\"perfectDrawEnabled\":false,\"fontFamily\":\"Golos Text\",\"rotation\":-17.982918888845653,\"skewX\":7.771561172376097e-16,\"width\":63.991050169833116,\"height\":94.36411928368871},\"className\":\"Text\"}",
				"{\"attrs\":{\"x\":1017.9230970453247,\"y\":83.30757181036239,\"fill\":\"#e03e2c\",\"stroke\":\"\",\"strokeWidth\":0,\"draggable\":true,\"strokeScaleEnabled\":false,\"text\":\"Order Now     Order Now     Order Now\",\"fontSize\":33,\"fontStyle\":\"normal 900\",\"id\":\"textpath-1-1750867814367\",\"name\":\"TextPath 1\",\"perfectDrawEnabled\":false,\"width\":200,\"height\":200,\"data\":\"M200.195 100.483C200.195 155.711 155.424 200.483 100.195 200.483C44.967 200.483 0.195442 155.711 0.195442 100.483C0.195442 45.2542 44.967 0.482632 100.195 0.482632C155.424 0.482632 200.195 45.2542 200.195 100.483Z\",\"scaleX\":1.5263347012471489,\"scaleY\":1.52633470124715,\"fontFamily\":\"Inter\"},\"className\":\"TextPath\"}",
				"{\"attrs\":{\"x\":191.34406611424015,\"y\":385.75000000000205,\"fill\":\"#e03e2c\",\"stroke\":\"\",\"strokeWidth\":0,\"draggable\":true,\"strokeScaleEnabled\":false,\"text\":\"BBQ\\nMENU\",\"fontSize\":262,\"fontStyle\":\"normal 900\",\"id\":\"text-3-1750867940431\",\"name\":\"Text 3\",\"perfectDrawEnabled\":false,\"fontFamily\":\"Unbounded\",\"align\":\"center\",\"width\":1057.3118677715197,\"height\":574.4999999999958},\"className\":\"Text\"}",
				"{\"attrs\":{\"x\":83.38884525390893,\"y\":706.5731055711663,\"fill\":\"#208a83\",\"stroke\":\"\",\"strokeWidth\":0,\"draggable\":true,\"strokeScaleEnabled\":false,\"text\":\"Double click to edit\",\"fontSize\":30,\"fontStyle\":\"normal 400\",\"id\":\"image-2-1750867977433\",\"name\":\"Image 2\",\"perfectDrawEnabled\":false,\"width\":1273.2223094921821,\"height\":733.4268944288337,\"fillPriority\":\"pattern\",\"fillImageWidth\":2618,\"fillImageHeight\":1502,\"fillSource\":\"/vendor/creative-suite/templates/images/uMofk1ovuKEaS3TvH0Hh1ZADusV9kLeNGuao3AjS.png\",\"fillCover\":true,\"fillPatternRepeat\":\"no-repeat\",\"fillPatternScaleX\":0.48830019602452307,\"fillPatternScaleY\":0.4883001960245231,\"fillPatternX\":-2.5738018500096587},\"className\":\"Image\"}"
			]
		}
	},
	{
		"id": 15,
		"preview": "/vendor/creative-suite/templates/images/instagram-story-live-reminder.png",
		"data": {
			"stage": {
				"width": 1080,
				"height": 1920
			},
			"nodes": [
				"{\"attrs\":{\"x\":-17.222356510619193,\"y\":-45.91384420525583,\"fill\":\"#e9e9e9\",\"stroke\":\"\",\"strokeWidth\":0,\"draggable\":true,\"strokeScaleEnabled\":false,\"text\":\"Double click to edit\",\"fontSize\":30,\"fontStyle\":\"normal 400\",\"id\":\"rect-1-1750865447446\",\"name\":\"Rect 1\",\"perfectDrawEnabled\":false,\"width\":1114.4447130212384,\"height\":2011.8276884105114},\"className\":\"Rect\"}",
				"{\"attrs\":{\"x\":719.3296021443775,\"y\":1930.707097434215,\"fill\":\"#ffffff\",\"stroke\":\"\",\"strokeWidth\":0,\"draggable\":true,\"strokeScaleEnabled\":false,\"text\":\"Double click to edit\",\"fontSize\":30,\"fontStyle\":\"normal 400\",\"id\":\"ellipse-1-1750865547674\",\"name\":\"Ellipse 1\",\"perfectDrawEnabled\":false,\"radiusX\":1037.1508005891344,\"radiusY\":468.9943776908005},\"className\":\"Ellipse\"}",
				"{\"attrs\":{\"x\":62.588210309990984,\"y\":970,\"fill\":\"#423932\",\"stroke\":\"\",\"strokeWidth\":0,\"draggable\":true,\"strokeScaleEnabled\":false,\"text\":\"Double click to edit\",\"fontSize\":30,\"fontStyle\":\"normal 400\",\"id\":\"image-1-1750865648139\",\"name\":\"Image 1\",\"perfectDrawEnabled\":false,\"width\":954.823579380018,\"height\":954.823579380018,\"fillPriority\":\"pattern\",\"fillImageWidth\":2048,\"fillImageHeight\":2048,\"fillSource\":\"/vendor/creative-suite/templates/images/fTjjVzyUQmMoNFiWms9ag2HPC70kIKhlJbbelHUq.png\",\"fillCover\":true,\"fillPatternRepeat\":\"no-repeat\",\"fillPatternScaleX\":0.46622245086914943,\"fillPatternScaleY\":0.46622245086914943},\"className\":\"Image\"}",
				"{\"attrs\":{\"x\":356.11604131052377,\"y\":148.454891366391,\"fill\":\"#ffffff\",\"stroke\":\"\",\"strokeWidth\":0,\"draggable\":true,\"strokeScaleEnabled\":false,\"text\":\"Double click to edit\",\"fontSize\":30,\"fontStyle\":\"normal 400\",\"id\":\"rect-2-1750865752806\",\"name\":\"Rect 2\",\"perfectDrawEnabled\":false,\"width\":367.7679173789524,\"height\":91.91374629814962,\"cornerRadius\":95},\"className\":\"Rect\"}",
				"{\"attrs\":{\"x\":396.91566467285156,\"y\":177.41176451546585,\"fill\":\"#e04f00\",\"stroke\":\"\",\"strokeWidth\":0,\"draggable\":true,\"strokeScaleEnabled\":false,\"text\":\"Announcement\",\"fontSize\":38,\"fontStyle\":\"normal 700\",\"id\":\"text-1-1750865782357\",\"name\":\"Text 1\",\"perfectDrawEnabled\":false,\"fontFamily\":\"Inter\"},\"className\":\"Text\"}",
				"{\"attrs\":{\"x\":231.419921875,\"y\":334.2938620670746,\"fill\":\"#e04f00\",\"stroke\":\"\",\"strokeWidth\":0,\"draggable\":true,\"strokeScaleEnabled\":false,\"text\":\"We're\\nhiring\",\"fontSize\":212,\"fontStyle\":\"italic 900\",\"id\":\"text-2-1750865867642\",\"name\":\"Text 2\",\"perfectDrawEnabled\":false,\"fontFamily\":\"Inter Tight\",\"align\":\"center\"},\"className\":\"Text\"}",
				"{\"attrs\":{\"x\":207.716796875,\"y\":788.4448245532785,\"fill\":\"#e04f00\",\"stroke\":\"\",\"strokeWidth\":0,\"draggable\":true,\"strokeScaleEnabled\":false,\"text\":\"Senior Product Designer\",\"fontSize\":61,\"fontStyle\":\"normal 400\",\"id\":\"text-3-1750865982896\",\"name\":\"Text 3\",\"perfectDrawEnabled\":false},\"className\":\"Text\"}",
				"{\"attrs\":{\"x\":406.681640625,\"y\":856.4448245532785,\"fill\":\"#e04f00\",\"stroke\":\"\",\"strokeWidth\":0,\"draggable\":true,\"strokeScaleEnabled\":false,\"text\":\"Full Time\",\"fontSize\":61,\"fontStyle\":\"normal 600\",\"id\":\"text-4-1750866029844\",\"name\":\"Text 4\",\"perfectDrawEnabled\":false},\"className\":\"Text\"}"
			]
		}
	},
	{
		"id": 16,
		"preview": "/vendor/creative-suite/templates/images/linkedin-ad-webinar.png",
		"data": {
			"stage": {
				"width": "1200",
				"height": 628
			},
			"nodes": [
				"{\"attrs\":{\"x\":-0.928571428571331,\"y\":-0.7856991345288975,\"fill\":\"#d5e4e9\",\"stroke\":\"\",\"strokeWidth\":0,\"draggable\":true,\"strokeScaleEnabled\":false,\"text\":\"Double click to edit\",\"fontSize\":30,\"fontStyle\":\"normal 400\",\"id\":\"rect-1-1750764307419\",\"name\":\"Rect 1\",\"perfectDrawEnabled\":false,\"width\":1201.4285714285722,\"height\":629.2856885651446},\"className\":\"Rect\"}",
				"{\"attrs\":{\"x\":0.5952358346766005,\"y\":65.59523182501184,\"fill\":\"#d5e4e9\",\"stroke\":\"\",\"strokeWidth\":0,\"draggable\":true,\"strokeScaleEnabled\":false,\"text\":\"Double click to edit\",\"fontSize\":30,\"fontStyle\":\"normal 400\",\"id\":\"image-1-1750760825154\",\"name\":\"Image 1\",\"perfectDrawEnabled\":false,\"width\":454.88093599188403,\"height\":513.0952243200779,\"fillPriority\":\"pattern\",\"fillImageWidth\":884,\"fillImageHeight\":1152,\"fillSource\":\"/vendor/creative-suite/templates/images/6XjwP3qr2x1E2mM8Yk9KFGZZKFt1WjkowgyleUef.png\",\"fillCover\":true,\"fillPatternRepeat\":\"no-repeat\",\"fillPatternY\":-39.84539590707095,\"fillPatternScaleX\":0.5145711945609548,\"fillPatternScaleY\":0.5145711945609547},\"className\":\"Image\"}",
				"{\"attrs\":{\"x\":443.14272199358237,\"y\":157.9107564981659,\"fill\":\"#ffffff\",\"stroke\":\"\",\"strokeWidth\":0,\"draggable\":true,\"strokeScaleEnabled\":false,\"text\":\"Double click to edit\",\"fontSize\":30,\"fontStyle\":\"normal 400\",\"id\":\"rect-2-1750764419254\",\"name\":\"Rect 2\",\"perfectDrawEnabled\":false,\"width\":666.7857142857123,\"height\":215.71428009116593,\"cornerRadius\":20},\"className\":\"Rect\"}",
				"{\"attrs\":{\"x\":466.60400390625034,\"y\":188.6428625056477,\"fill\":\"#091606\",\"stroke\":\"\",\"strokeWidth\":0,\"draggable\":true,\"strokeScaleEnabled\":false,\"text\":\"Increase Your\",\"fontSize\":79,\"fontStyle\":\"normal 400\",\"id\":\"text-1-1750764444399\",\"name\":\"Text 1\",\"perfectDrawEnabled\":false,\"width\":527.9422433035709,\"height\":85.71428300685749,\"fontFamily\":\"Inter Tight\"},\"className\":\"Text\"}",
				"{\"attrs\":{\"x\":462.31828962053555,\"y\":276.5000010933845,\"fill\":\"#000000\",\"stroke\":\"\",\"strokeWidth\":0,\"draggable\":true,\"strokeScaleEnabled\":false,\"text\":\"Conversion Rate\",\"fontSize\":79,\"fontStyle\":\"italic 700\",\"id\":\"text-2-1750764463218\",\"name\":\"Text 2\",\"perfectDrawEnabled\":false,\"letterSpacing\":-2},\"className\":\"Text\"}",
				"{\"attrs\":{\"x\":448.4611467633928,\"y\":425.571422323517,\"fill\":\"#000000\",\"stroke\":\"\",\"strokeWidth\":0,\"draggable\":true,\"strokeScaleEnabled\":false,\"text\":\"Optimize your landing page\",\"fontSize\":41,\"fontStyle\":\"normal 400\",\"id\":\"text-3-1750764821958\",\"name\":\"Text 3\",\"perfectDrawEnabled\":false,\"fontFamily\":\"Inter\",\"letterSpacing\":2},\"className\":\"Text\"}",
				"{\"attrs\":{\"x\":448.03257533482133,\"y\":471.14284974949527,\"fill\":\"#000000\",\"stroke\":\"\",\"strokeWidth\":0,\"draggable\":true,\"strokeScaleEnabled\":false,\"text\":\"Simplify your strategy\",\"fontSize\":41,\"fontStyle\":\"normal 700\",\"id\":\"text-4-1750764934252\",\"name\":\"Text 4\",\"perfectDrawEnabled\":false,\"fontFamily\":\"Inter\",\"letterSpacing\":2},\"className\":\"Text\"}"
			]
		}
	},
	{
		"id": 17,
		"preview": "/vendor/creative-suite/templates/images/linkedin-cover-1.png",
		"data": {
			"stage": {
				"width": 1584,
				"height": 396
			},
			"nodes": [
				"{\"attrs\":{\"x\":0.023238994527446266,\"y\":-0.737481799775793,\"fill\":\"#d2727c\",\"stroke\":\"\",\"strokeWidth\":0,\"draggable\":true,\"strokeScaleEnabled\":false,\"text\":\"Double click to edit\",\"fontSize\":30,\"fontStyle\":\"normal 400\",\"id\":\"image-1-1750767482935\",\"name\":\"Image 1\",\"perfectDrawEnabled\":false,\"width\":1583.953522010945,\"height\":397.4749635995516,\"fillPriority\":\"pattern\",\"fillImageWidth\":1536,\"fillImageHeight\":1024,\"fillSource\":\"/vendor/creative-suite/templates/images/8RRqIY1dyaWP1pf9UA3mzegdSXLV6BBpWICay1Gt.jpg\",\"fillCover\":true,\"fillPatternRepeat\":\"no-repeat\",\"fillPatternY\":-329.2470255372059,\"fillPatternScaleX\":1.0312197408925423,\"fillPatternScaleY\":1.0312197408925423},\"className\":\"Image\"}",
				"{\"attrs\":{\"x\":85.76051752454941,\"y\":76.33537693885573,\"fill\":\"#feffe3\",\"stroke\":\"\",\"strokeWidth\":0,\"draggable\":true,\"strokeScaleEnabled\":false,\"text\":\"Deepmind\",\"fontSize\":117,\"fontStyle\":\"normal 700\",\"id\":\"text-1-1750767458823\",\"name\":\"Text 1\",\"perfectDrawEnabled\":false,\"width\":553.9423828125,\"height\":134.29267625187168,\"fillPatternScaleX\":2.2,\"fillPatternScaleY\":2.2,\"fontFamily\":\"Inter Tight\",\"letterSpacing\":-4},\"className\":\"Text\"}",
				"{\"attrs\":{\"x\":87.46783466648685,\"y\":191.45731886110588,\"fill\":\"#feffe3\",\"stroke\":\"\",\"strokeWidth\":0,\"draggable\":true,\"strokeScaleEnabled\":false,\"text\":\"Keynote\",\"fontSize\":117,\"fontStyle\":\"normal 700\",\"id\":\"text-2-1750767718696\",\"name\":\"Text 2\",\"perfectDrawEnabled\":false,\"width\":553.9423828125,\"height\":134.29267625187168,\"fillPatternScaleX\":2.2,\"fillPatternScaleY\":2.2,\"fontFamily\":\"Inter Tight\",\"letterSpacing\":-4,\"textDecoration\":\"underline\"},\"className\":\"Text\"}",
				"{\"attrs\":{\"x\":537.6209560181061,\"y\":211.38926428972212,\"fill\":\"#feffe3\",\"stroke\":\"\",\"strokeWidth\":0,\"draggable\":true,\"strokeScaleEnabled\":false,\"text\":\"Double click to edit\",\"fontSize\":30,\"fontStyle\":\"normal 400\",\"id\":\"path-1-1750767739304\",\"name\":\"Path 1\",\"perfectDrawEnabled\":false,\"data\":\"M200.751 160.436L161.517 199.528L104.288 142.088L59.2169 197.358H0.756104V141.976H104.174L2.41083 39.8442L41.6442 0.751819L145.371 104.856V0.437149H200.756V160.436H200.751Z\",\"scaleX\":0.3400327991330933,\"scaleY\":0.340032799133094},\"className\":\"Path\"}",
				"{\"attrs\":{\"x\":735.6161987668876,\"y\":159.82927055740063,\"fill\":\"#ffffff\",\"stroke\":\"\",\"strokeWidth\":0,\"draggable\":true,\"strokeScaleEnabled\":false,\"text\":\"52 Willow Lane, Boston, MA\",\"fontSize\":35,\"fontStyle\":\"normal 400\",\"id\":\"text-3-1750767792111\",\"name\":\"Text 3\",\"perfectDrawEnabled\":false,\"letterSpacing\":-1},\"className\":\"Text\"}",
				"{\"attrs\":{\"x\":736.1040037182876,\"y\":200.56097584814745,\"fill\":\"#ffffff\",\"stroke\":\"\",\"strokeWidth\":0,\"draggable\":true,\"strokeScaleEnabled\":false,\"text\":\"Saturday, May 18th - 2:00 PM\",\"fontSize\":35,\"fontStyle\":\"normal 700\",\"id\":\"text-4-1750767850065\",\"name\":\"Text 4\",\"perfectDrawEnabled\":false,\"letterSpacing\":-1},\"className\":\"Text\"}",
				"{\"attrs\":{\"x\":1293.2195099349888,\"y\":162.6341400240932,\"fill\":\"#64933c\",\"stroke\":\"\",\"strokeWidth\":0,\"draggable\":true,\"strokeScaleEnabled\":false,\"text\":\"Double click to edit\",\"fontSize\":30,\"fontStyle\":\"normal 400\",\"id\":\"image-2-1750767967832\",\"name\":\"Image 2\",\"perfectDrawEnabled\":false,\"width\":240.24390228773413,\"height\":60.97562334440362,\"fillPriority\":\"pattern\",\"fillImageWidth\":476,\"fillImageHeight\":208,\"fillSource\":\"/vendor/creative-suite/templates/images/wWSo5qi9OkUxGRL7ZDxoVrSAvifiyhzBuRWbMAUZ.png\",\"fillCover\":true,\"fillPatternRepeat\":\"no-repeat\",\"fillPatternX\":1.4210854715202004e-14,\"fillPatternY\":-22.002452693185486,\"fillPatternScaleX\":0.5047140804364162,\"fillPatternScaleY\":0.5047140804364163},\"className\":\"Image\"}"
			]
		}
	},
	{
		"id": 18,
		"preview": "/vendor/creative-suite/templates/images/reel-skin-care.png",
		"data": {
			"stage": {
				"width": 1080,
				"height": 1920
			},
			"nodes": [
				"{\"attrs\":{\"x\":-59,\"y\":-30.1476605040678,\"fill\":\"#04542c\",\"stroke\":\"\",\"strokeWidth\":0,\"draggable\":true,\"strokeScaleEnabled\":false,\"text\":\"Double click to edit\",\"fontSize\":30,\"fontStyle\":\"normal 400\",\"id\":\"image-1-1750846674625\",\"name\":\"Image 1\",\"perfectDrawEnabled\":false,\"width\":1198.5143164356032,\"height\":1954.4258328312526,\"fillPriority\":\"pattern\",\"fillImageWidth\":2731,\"fillImageHeight\":4096,\"fillSource\":\"/vendor/creative-suite/templates/images/6iIeHB1NdX06Xn7m6J6KXXbDW9gaJQBkUM8iD355.jpg\",\"fillCover\":true,\"fillPatternRepeat\":\"no-repeat\",\"fillPatternX\":-52.29764518333991,\"fillPatternScaleX\":0.4771547443435676,\"fillPatternScaleY\":0.4771547443435675},\"className\":\"Image\"}",
				"{\"attrs\":{\"x\":807.7625502931594,\"y\":337.9423032022785,\"fill\":\"#a2de2d\",\"stroke\":\"\",\"strokeWidth\":0,\"draggable\":true,\"strokeScaleEnabled\":false,\"text\":\"Double click to edit\",\"fontSize\":30,\"fontStyle\":\"normal 400\",\"id\":\"image-2-1750846879147\",\"name\":\"Image 2\",\"perfectDrawEnabled\":false,\"width\":27.90817663146459,\"height\":496.3127470210658,\"fillPriority\":\"pattern\",\"fillImageWidth\":54,\"fillImageHeight\":942,\"fillSource\":\"/vendor/creative-suite/templates/images/DgErRDkXlIsejsPKkA4j99xbnZKKfVErgixsT6uD.png\",\"fillCover\":true,\"fillPatternRepeat\":\"no-repeat\",\"fillPatternX\":-0.27143628041290135,\"fillPatternScaleX\":0.526871281338711,\"fillPatternScaleY\":0.526871281338711,\"fillPatternY\":2.842170943040401e-14},\"className\":\"Image\"}",
				"{\"attrs\":{\"x\":-3.349798127954372,\"y\":1099.4088759928331,\"fill\":\"#69bcdc\",\"stroke\":\"\",\"strokeWidth\":0,\"draggable\":true,\"strokeScaleEnabled\":false,\"text\":\"Double click to edit\",\"fontSize\":30,\"fontStyle\":\"normal 400\",\"id\":\"image-3-1750847962350\",\"name\":\"Image 3\",\"perfectDrawEnabled\":false,\"width\":1083.7439309350536,\"height\":823.6453436356446,\"fillPriority\":\"pattern\",\"fillImageWidth\":1080,\"fillImageHeight\":732,\"fillSource\":\"/vendor/creative-suite/templates/images/fIRpx781YpTna8IAw9ysmkdszPA1cf9TfdcAs89x.png\",\"fillCover\":true,\"fillPatternRepeat\":\"no-repeat\",\"fillPatternX\":-65.73525524729303,\"fillPatternScaleX\":1.125198556879296,\"fillPatternScaleY\":1.125198556879296},\"className\":\"Image\"}",
				"{\"attrs\":{\"x\":996.6441955176265,\"y\":143.14268375239595,\"fill\":\"#fff147\",\"stroke\":\"\",\"strokeWidth\":0,\"draggable\":true,\"strokeScaleEnabled\":false,\"text\":\"✦GLOWING SKIN IN SECONDS✦\",\"fontSize\":52,\"fontStyle\":\"normal 400\",\"id\":\"textpath-1-1750848650779\",\"name\":\"TextPath 1\",\"perfectDrawEnabled\":false,\"width\":200,\"height\":200,\"data\":\"M200.195 100.483C200.195 155.711 155.424 200.483 100.195 200.483C44.967 200.483 0.195442 155.711 0.195442 100.483C0.195442 45.2542 44.967 0.482632 100.195 0.482632C155.424 0.482632 200.195 45.2542 200.195 100.483Z\",\"align\":\"center\",\"fontFamily\":\"Bebas Neue\",\"rotation\":89.99999999999976,\"scaleX\":1.7841729670147157,\"scaleY\":1.7841729670147064,\"skewX\":-1.9597909899941615e-16},\"className\":\"TextPath\"}",
				"{\"attrs\":{\"x\":357.5610046386719,\"y\":1300.0344914786724,\"fill\":\"#ffffff\",\"stroke\":\"\",\"strokeWidth\":0,\"draggable\":true,\"strokeScaleEnabled\":false,\"text\":\"new\",\"fontSize\":282,\"fontStyle\":\"normal 400\",\"id\":\"text-1-1750848900932\",\"name\":\"Text 1\",\"perfectDrawEnabled\":false,\"fontFamily\":\"Barlow Condensed\",\"letterSpacing\":-8},\"className\":\"Text\"}",
				"{\"attrs\":{\"x\":178.69903564453125,\"y\":1543.8768688963673,\"fill\":\"#ffffff\",\"stroke\":\"\",\"strokeWidth\":0,\"draggable\":true,\"strokeScaleEnabled\":false,\"text\":\"formula\",\"fontSize\":282,\"fontStyle\":\"normal 400\",\"id\":\"text-2-1750852540415\",\"name\":\"Text 2\",\"perfectDrawEnabled\":false,\"fontFamily\":\"Instrument Serif\",\"letterSpacing\":-8},\"className\":\"Text\"}"
			]
		}
	},
	{
		"id": 19,
		"preview": "/vendor/creative-suite/templates/images/x-post-social-proof.png",
		"data": {
			"stage": {
				"width": 1200,
				"height": 675
			},
			"nodes": [
				"{\"attrs\":{\"x\":-0.9372236663190279,\"y\":-0.8232122361540632,\"fill\":\"#68725d\",\"stroke\":\"\",\"strokeWidth\":0,\"draggable\":true,\"strokeScaleEnabled\":false,\"text\":\"Double click to edit\",\"fontSize\":30,\"fontStyle\":\"normal 400\",\"id\":\"image-1-1750868301143\",\"name\":\"Image 1\",\"perfectDrawEnabled\":false,\"width\":1201.874447332638,\"height\":676.6464244723081,\"fillPriority\":\"pattern\",\"fillImageWidth\":2400,\"fillImageHeight\":1350,\"fillSource\":\"/vendor/creative-suite/templates/images/UiRTvt08zJwwNBoLsDePabrELlRyl71fO61MPuuU.jpg\",\"fillCover\":true,\"fillPatternRepeat\":\"no-repeat\",\"fillPatternX\":-0.5262647535105316,\"fillPatternY\":-5.684341886080802e-14,\"fillPatternScaleX\":0.5012195736831913,\"fillPatternScaleY\":0.5012195736831913},\"className\":\"Image\"}",
				"{\"attrs\":{\"x\":235.44965247320437,\"y\":123.37749840242094,\"fill\":\"#ffffff\",\"stroke\":\"\",\"strokeWidth\":0,\"draggable\":true,\"strokeScaleEnabled\":false,\"text\":\"Double click to edit\",\"fontSize\":30,\"fontStyle\":\"normal 400\",\"id\":\"rect-1-1750868334904\",\"name\":\"Rect 1\",\"perfectDrawEnabled\":false,\"width\":729.1006950535913,\"height\":428.2450031951581,\"cornerRadius\":30},\"className\":\"Rect\"}",
				"{\"attrs\":{\"x\":318.08508950880696,\"y\":483.0249670047226,\"fill\":\"#29c4fd\",\"stroke\":\"\",\"strokeWidth\":0,\"draggable\":true,\"strokeScaleEnabled\":false,\"text\":\"Double click to edit\",\"fontSize\":30,\"fontStyle\":\"normal 400\",\"id\":\"image-2-1750868412255\",\"name\":\"Image 2\",\"perfectDrawEnabled\":false,\"width\":563.8298209823861,\"height\":19.45287637312781,\"fillPriority\":\"pattern\",\"fillImageWidth\":1308,\"fillImageHeight\":42,\"fillSource\":\"/vendor/creative-suite/templates/images/GxmrvmWQPj7Uo6U7FHsxMRC1JHEXl3uBYXNWuXQY.png\",\"fillCover\":true,\"fillPatternRepeat\":\"no-repeat\",\"fillPatternX\":-20.99416446179714,\"fillPatternScaleX\":0.4631637231697098,\"fillPatternScaleY\":0.4631637231697098},\"className\":\"Image\"}",
				"{\"attrs\":{\"x\":294.3820179362495,\"y\":173.5,\"fill\":\"#46c262\",\"stroke\":\"\",\"strokeWidth\":0,\"draggable\":true,\"strokeScaleEnabled\":false,\"text\":\"Double click to edit\",\"fontSize\":30,\"fontStyle\":\"normal 400\",\"id\":\"image-3-1750868462354\",\"name\":\"Image 3\",\"perfectDrawEnabled\":false,\"width\":85.2502986487169,\"height\":85.25029864871696,\"fillPriority\":\"pattern\",\"fillImageWidth\":1024,\"fillImageHeight\":1024,\"fillSource\":\"/vendor/creative-suite/templates/images/eIGjJeUXYrtSKhLVkvHnAiAxTTZy3iSSXhLf0YMu.png\",\"fillCover\":true,\"fillPatternRepeat\":\"no-repeat\",\"fillPatternScaleX\":0.08325224477413766,\"fillPatternScaleY\":0.08325224477413766,\"fillPatternX\":-2.842170943040401e-14},\"className\":\"Image\"}",
				"{\"attrs\":{\"x\":391.79468898054154,\"y\":188.1251493243585,\"fill\":\"#000000\",\"stroke\":\"\",\"strokeWidth\":0,\"draggable\":true,\"strokeScaleEnabled\":false,\"text\":\"Samantha Doe\",\"fontSize\":25,\"fontStyle\":\"normal 400\",\"id\":\"text-1-1750868483978\",\"name\":\"Text 1\",\"perfectDrawEnabled\":false,\"fontFamily\":\"Inter\"},\"className\":\"Text\"}",
				"{\"attrs\":{\"x\":391.79468898054154,\"y\":218.1251493243585,\"fill\":\"#000000\",\"stroke\":\"\",\"strokeWidth\":0,\"draggable\":true,\"strokeScaleEnabled\":false,\"text\":\"SegData CEO\",\"fontSize\":25,\"fontStyle\":\"normal 700\",\"id\":\"text-2-1750868529684\",\"name\":\"Text 2\",\"perfectDrawEnabled\":false,\"fontFamily\":\"Inter\"},\"className\":\"Text\"}",
				"{\"attrs\":{\"x\":298.3820179362495,\"y\":272.8057889225309,\"fill\":\"#2f2f2f\",\"stroke\":\"\",\"strokeWidth\":0,\"draggable\":true,\"strokeScaleEnabled\":false,\"text\":\"We started using their AI data platform a\\nfew weeks ago, and it’s already changed\\nthe game—our data processing is 3x\\nfaster, and we’ve cut manual work in half. \",\"fontSize\":31,\"fontStyle\":\"normal 400\",\"id\":\"text-3-1750868656308\",\"name\":\"Text 3\",\"perfectDrawEnabled\":false,\"lineHeight\":1.4},\"className\":\"Text\"}"
			]
		}
	},
	{
		"id": 20,
		"preview": "/vendor/creative-suite/templates/images/youtube-thumbnail.png",
		"data": {
			"stage": {
				"width": 1280,
				"height": 720
			},
			"nodes": [
				"{\"attrs\":{\"x\":-1,\"y\":-103.13737345718238,\"fill\":\"#838f87\",\"stroke\":\"\",\"strokeWidth\":0,\"draggable\":true,\"strokeScaleEnabled\":false,\"text\":\"Double click to edit\",\"fontSize\":30,\"fontStyle\":\"normal 400\",\"id\":\"image-1-1750779316191\",\"name\":\"Image 1\",\"perfectDrawEnabled\":false,\"width\":1282.129376236778,\"height\":899.5524719218116,\"fillPriority\":\"pattern\",\"fillImageWidth\":1536,\"fillImageHeight\":1024,\"fillSource\":\"/vendor/creative-suite/templates/images/zpNuwcrRytuMfjNDUlfv6QdfRYQbCUL4AiTYZ2Nf.jpg\",\"fillCover\":true,\"fillPatternRepeat\":\"no-repeat\",\"fillPatternScaleX\":0.8784692108611442,\"fillPatternScaleY\":0.8784692108611442,\"fillPatternX\":-33.59966582296977},\"className\":\"Image\"}",
				"{\"attrs\":{\"x\":96.91549326526696,\"y\":151.3413655418118,\"fill\":\"#ffffff\",\"stroke\":\"\",\"strokeWidth\":0,\"draggable\":true,\"strokeScaleEnabled\":false,\"text\":\"italy\",\"fontSize\":204.37610881135424,\"fontStyle\":\"normal 400\",\"id\":\"text-1-1750779424454\",\"name\":\"Text 1\",\"perfectDrawEnabled\":false,\"fontFamily\":\"Condiment\",\"width\":426.922563985404,\"height\":147.71884783710394,\"fillPatternScaleX\":0.006968565237747846,\"fillPatternScaleY\":0.006968565237747846},\"className\":\"Text\"}",
				"{\"attrs\":{\"x\":45.7997269246111,\"y\":374.19744444271635,\"fill\":\"#ffffff\",\"stroke\":\"\",\"strokeWidth\":0,\"draggable\":true,\"strokeScaleEnabled\":false,\"text\":\"vlog\",\"fontSize\":204.37610881135424,\"fontStyle\":\"normal 400\",\"id\":\"text-2-1750779656878\",\"name\":\"Text 2\",\"perfectDrawEnabled\":false,\"fontFamily\":\"Condiment\",\"width\":409.0827700602818,\"height\":147.71884783710377,\"fillPatternScaleX\":0.006968565237747846,\"fillPatternScaleY\":0.006968565237747846},\"className\":\"Text\"}"
			]
		}
	}
]