[
	{
		"update_id":31025362,
		"my_chat_member":{
			"chat":{
				"id":870364707,
				"first_name":"Rauf",
				"last_name":"Abbas",
				"username":"rafoabbas",
				"type":"private"
			},
			"from":{
				"id":870364707,
				"is_bot":false,
				"first_name":"Rauf",
				"last_name":"Abbas",
				"username":"rafoabbas",
				"language_code":"en"
			},
			"date":1748329712,
			"old_chat_member":{
				"user":{
					"id":7963318232,
					"is_bot":true,
					"first_name":"MagicaiBot",
					"username":"magicai_chatbot"
				},
				"status":"kicked",
				"until_date":0
			},
			"new_chat_member":{
				"user":{
					"id":7963318232,
					"is_bot":true,
					"first_name":"MagicaiBot",
					"username":"magicai_chatbot"
				},
				"status":"member"
			}
		}
	},
	{
		"update_id":31025363,
		"message":{
			"message_id":119,
			"from":{
				"id":870364707,
				"is_bot":false,
				"first_name":"Rauf",
				"last_name":"Abbas",
				"username":"rafoabbas",
				"language_code":"en"
			},
			"chat":{
				"id":870364707,
				"first_name":"Rauf",
				"last_name":"Abbas",
				"username":"rafoabbas",
				"type":"private"
			},
			"date":1748329713,
			"text":"/start",
			"entities":[
				{
					"offset":0,
					"length":6,
					"type":"bot_command"
				}
			]
		}
	},
	{
		"update_id":31025361,
		"my_chat_member":{
			"chat":{
				"id":870364707,
				"first_name":"Rauf",
				"last_name":"Abbas",
				"username":"rafoabbas",
				"type":"private"
			},
			"from":{
				"id":870364707,
				"is_bot":false,
				"first_name":"Rauf",
				"last_name":"Abbas",
				"username":"rafoabbas",
				"language_code":"en"
			},
			"date":1748329709,
			"old_chat_member":{
				"user":{
					"id":7963318232,
					"is_bot":true,
					"first_name":"MagicaiBot",
					"username":"magicai_chatbot"
				},
				"status":"member"
			},
			"new_chat_member":{
				"user":{
					"id":7963318232,
					"is_bot":true,
					"first_name":"MagicaiBot",
					"username":"magicai_chatbot"
				},
				"status":"kicked",
				"until_date":0
			}
		}
	},
	{
		"update_id":31025360,
		"message":{
			"message_id":11,
			"from":{
				"id":951279059,
				"is_bot":false,
				"first_name":"Vasif",
				"last_name":"Feyzullazad\u0259",
				"username":"vasiffeyzullazade"
			},
			"chat":{
				"id":-1002456956878,
				"title":"MAGICAI Marketing Bot - TEST Telegram",
				"type":"supergroup"
			},
			"date":1748325262,
			"text":"Salam"
		}
	},
	{
		"update_id":31025359,
		"message":{
			"message_id":10,
			"from":{
				"id":870364707,
				"is_bot":false,
				"first_name":"Rauf",
				"last_name":"Abbas",
				"username":"rafoabbas",
				"language_code":"en"
			},
			"chat":{
				"id":-1002456956878,
				"title":"MAGICAI Marketing Bot - TEST Telegram",
				"type":"supergroup"
			},
			"date":1748325229,
			"new_chat_participant":{
				"id":951279059,
				"is_bot":false,
				"first_name":"Vasif",
				"last_name":"Feyzullazad\u0259",
				"username":"vasiffeyzullazade"
			},
			"new_chat_member":{
				"id":951279059,
				"is_bot":false,
				"first_name":"Vasif",
				"last_name":"Feyzullazad\u0259",
				"username":"vasiffeyzullazade"
			},
			"new_chat_members":[
				{
					"id":951279059,
					"is_bot":false,
					"first_name":"Vasif",
					"last_name":"Feyzullazad\u0259",
					"username":"vasiffeyzullazade"
				}
			]
		}
	},
	{
		"update_id":31025358,
		"message":{
			"message_id":9,
			"from":{
				"id":870364707,
				"is_bot":false,
				"first_name":"Rauf",
				"last_name":"Abbas",
				"username":"rafoabbas",
				"language_code":"en"
			},
			"chat":{
				"id":-1002456956878,
				"title":"MAGICAI Marketing Bot - TEST Telegram",
				"type":"supergroup"
			},
			"date":1748325213,
			"text":"Hello"
		}
	}
]
